Mon Apr 19 2021 06:04:31 GMT+0700 (Western Indonesia Time),Aceh,Aceh Timur,Ranto Peureulak,0,0,noaa20,medium,1
Mon Apr 19 2021 06:04:31 GMT+0700 (Western Indonesia Time),Aceh,Aceh Timur,Ranto Peureulak,0,0,noaa20,medium,1
Mon Apr 19 2021 06:04:31 GMT+0700 (Western Indonesia Time),Aceh,Aceh Timur,Ranto Peureulak,0,0,noaa20,medium,1
Tue Apr 20 2021 18:30:53 GMT+0700 (Western Indonesia Time),Aceh,Bireuen,Ganda Pura,0,0,noaa20,medium,1
Tue Apr 20 2021 18:30:53 GMT+0700 (Western Indonesia Time),Aceh,Bireuen,Ganda Pura,0,0,noaa20,medium,1
Tue Apr 20 2021 17:36:52 GMT+0700 (Western Indonesia Time),Banten,Serang,Cikande,0,0,snpp,medium,1
Tue Apr 20 2021 17:36:52 GMT+0700 (Western Indonesia Time),Banten,Serang,Cikande,0,0,snpp,medium,1
Sun Apr 18 2021 17:24:54 GMT+0700 (Western Indonesia Time),Banten,Serang,Kibin,0,0,noaa20,medium,1
Sun Apr 18 2021 17:24:54 GMT+0700 (Western Indonesia Time),Banten,Serang,Kibin,0,0,noaa20,medium,1
Tue Apr 20 2021 18:30:53 GMT+0700 (Western Indonesia Time),Banten,Serang,Kibin,0,0,noaa20,medium,1
Tue Apr 20 2021 18:30:53 GMT+0700 (Western Indonesia Time),Banten,Serang,Kibin,0,0,noaa20,medium,1
Sun Apr 18 2021 18:17:35 GMT+0700 (Western Indonesia Time),Banten,Tangerang,Kosambi,0,0,snpp,medium,1
Sun Apr 18 2021 18:17:35 GMT+0700 (Western Indonesia Time),Banten,Tangerang,Kosambi,0,0,snpp,medium,1
Tue Apr 20 2021 06:35:26 GMT+0700 (Western Indonesia Time),Bengkulu,Muko-Muko,Muko Muko Selatan,0,0,snpp,medium,1
Tue Apr 20 2021 06:35:26 GMT+0700 (Western Indonesia Time),Bengkulu,Muko-Muko,Muko Muko Selatan,0,0,snpp,medium,1
Tue Apr 20 2021 06:35:26 GMT+0700 (Western Indonesia Time),Bengkulu,Muko-Muko,Muko Muko Selatan,0,0,snpp,medium,1
Tue Apr 20 2021 06:35:26 GMT+0700 (Western Indonesia Time),Bengkulu,Muko-Muko,Muko Muko Selatan,0,0,snpp,medium,1
Tue Apr 20 2021 06:35:26 GMT+0700 (Western Indonesia Time),Bengkulu,Seluma,Semidang Alas,0,0,snpp,medium,1
Tue Apr 20 2021 06:35:26 GMT+0700 (Western Indonesia Time),Bengkulu,Seluma,Semidang Alas,0,0,snpp,medium,1
Mon Apr 19 2021 06:04:31 GMT+0700 (Western Indonesia Time),Bengkulu,Seluma,Talo,0,0,noaa20,medium,1
Mon Apr 19 2021 06:04:31 GMT+0700 (Western Indonesia Time),Bengkulu,Seluma,Talo,0,0,noaa20,medium,1
Sun Apr 18 2021 18:17:35 GMT+0700 (Western Indonesia Time),Di Yogyakarta,Sleman,Pakem,0,0,snpp,medium,1
Sun Apr 18 2021 18:17:35 GMT+0700 (Western Indonesia Time),Di Yogyakarta,Sleman,Pakem,0,0,snpp,medium,1
Sun Apr 18 2021 18:17:35 GMT+0700 (Western Indonesia Time),Di Yogyakarta,Sleman,Pakem,0,0,snpp,medium,1
Tue Apr 20 2021 18:30:53 GMT+0700 (Western Indonesia Time),Di Yogyakarta,Sleman,Pakem,0,0,noaa20,medium,1
Tue Apr 20 2021 18:30:53 GMT+0700 (Western Indonesia Time),Di Yogyakarta,Sleman,Pakem,0,0,noaa20,medium,1
Tue Apr 20 2021 18:30:53 GMT+0700 (Western Indonesia Time),Dki Jakarta,Jakarta Barat,Kembangan,0,0,noaa20,medium,1
Tue Apr 20 2021 18:30:53 GMT+0700 (Western Indonesia Time),Dki Jakarta,Jakarta Barat,Kembangan,0,0,noaa20,medium,1
Wed Apr 21 2021 04:35:30 GMT+0700 (Western Indonesia Time),Gorontalo,Boalemo,Paguyamanpantai,0,0,snpp,medium,1
Wed Apr 21 2021 04:35:30 GMT+0700 (Western Indonesia Time),Gorontalo,Boalemo,Paguyamanpantai,0,0,snpp,medium,1
Tue Apr 20 2021 04:54:26 GMT+0700 (Western Indonesia Time),Gorontalo,Gorontalo,Batudaa Pantai,0,0,snpp,medium,1
Tue Apr 20 2021 04:54:26 GMT+0700 (Western Indonesia Time),Gorontalo,Gorontalo,Batudaa Pantai,0,0,snpp,medium,1
Wed Apr 21 2021 04:35:30 GMT+0700 (Western Indonesia Time),Gorontalo,Gorontalo,Bongomeme,0,0,snpp,medium,1
Wed Apr 21 2021 04:35:30 GMT+0700 (Western Indonesia Time),Gorontalo,Gorontalo,Bongomeme,0,0,snpp,medium,1
Tue Apr 20 2021 05:44:10 GMT+0700 (Western Indonesia Time),Gorontalo,Gorontalo,Telaga Biru,0,0,noaa20,medium,1
Tue Apr 20 2021 05:44:10 GMT+0700 (Western Indonesia Time),Gorontalo,Gorontalo,Telaga Biru,0,0,noaa20,medium,1
Sun Apr 18 2021 18:17:35 GMT+0700 (Western Indonesia Time),Jambi,Batanghari,Mersam,0,0,snpp,medium,1
Sun Apr 18 2021 18:17:35 GMT+0700 (Western Indonesia Time),Jambi,Batanghari,Mersam,0,0,snpp,medium,1
Tue Apr 20 2021 18:30:53 GMT+0700 (Western Indonesia Time),Jambi,Batanghari,Mersam,0,0,noaa20,medium,1
Tue Apr 20 2021 18:30:53 GMT+0700 (Western Indonesia Time),Jambi,Batanghari,Mersam,0,0,noaa20,medium,1
Sun Apr 18 2021 18:17:35 GMT+0700 (Western Indonesia Time),Jambi,Tanjung Jabung Barat,Tungkalilir,0,0,snpp,medium,1
Sun Apr 18 2021 18:17:35 GMT+0700 (Western Indonesia Time),Jambi,Tanjung Jabung Barat,Tungkalilir,0,0,snpp,medium,1
Sun Apr 18 2021 18:17:35 GMT+0700 (Western Indonesia Time),Jambi,Tanjung Jabung Barat,Tungkalilir,0,0,snpp,medium,1
Sun Apr 18 2021 18:17:35 GMT+0700 (Western Indonesia Time),Jambi,Tanjung Jabung Barat,Tungkalilir,0,0,snpp,medium,1
Tue Apr 20 2021 18:30:53 GMT+0700 (Western Indonesia Time),Jambi,Tanjung Jabung Barat,Tungkalilir,0,0,noaa20,medium,1
Tue Apr 20 2021 18:30:53 GMT+0700 (Western Indonesia Time),Jambi,Tanjung Jabung Barat,Tungkalilir,0,0,noaa20,medium,1
Tue Apr 20 2021 18:30:53 GMT+0700 (Western Indonesia Time),Jambi,Tanjung Jabung Barat,Tungkalilir,0,0,noaa20,medium,1
Tue Apr 20 2021 18:30:53 GMT+0700 (Western Indonesia Time),Jambi,Tanjung Jabung Barat,Tungkalilir,0,0,noaa20,medium,1
Tue Apr 20 2021 18:30:53 GMT+0700 (Western Indonesia Time),Jambi,Tanjung Jabung Barat,Tungkalilir,0,0,noaa20,medium,1
Tue Apr 20 2021 18:30:53 GMT+0700 (Western Indonesia Time),Jambi,Tanjung Jabung Barat,Tungkalilir,0,0,noaa20,medium,1
Tue Apr 20 2021 18:30:53 GMT+0700 (Western Indonesia Time),Jambi,Tanjung Jabung Barat,Tungkalulu,0,0,noaa20,medium,1
Tue Apr 20 2021 18:30:53 GMT+0700 (Western Indonesia Time),Jambi,Tanjung Jabung Barat,Tungkalulu,0,0,noaa20,medium,1
Mon Apr 19 2021 06:04:31 GMT+0700 (Western Indonesia Time),Jawa Barat,Bandung,Arjasari,0,0,noaa20,low,1
Mon Apr 19 2021 06:04:31 GMT+0700 (Western Indonesia Time),Jawa Barat,Bandung,Arjasari,0,0,noaa20,low,1
Mon Apr 19 2021 06:04:31 GMT+0700 (Western Indonesia Time),Jawa Barat,Bandung,Dayeuh Kolot,0,0,noaa20,medium,1
Mon Apr 19 2021 06:04:31 GMT+0700 (Western Indonesia Time),Jawa Barat,Bandung,Dayeuh Kolot,0,0,noaa20,medium,1
Mon Apr 19 2021 06:04:31 GMT+0700 (Western Indonesia Time),Jawa Barat,Bandung,Majalaya,0,0,noaa20,medium,1
Mon Apr 19 2021 06:04:31 GMT+0700 (Western Indonesia Time),Jawa Barat,Bandung,Majalaya,0,0,noaa20,medium,1
Mon Apr 19 2021 02:57:00 GMT+0700 (Western Indonesia Time),Jawa Barat,Bandung,Solokan Jeruk,0,0,terra,medium,1
Mon Apr 19 2021 02:57:00 GMT+0700 (Western Indonesia Time),Jawa Barat,Bandung,Solokan Jeruk,0,0,terra,medium,1
Tue Apr 20 2021 03:40:00 GMT+0700 (Western Indonesia Time),Jawa Barat,Bekasi,Cikarang Selatan,0,0,terra,medium,1
Tue Apr 20 2021 03:40:00 GMT+0700 (Western Indonesia Time),Jawa Barat,Bekasi,Cikarang Selatan,0,0,terra,medium,1
Mon Apr 19 2021 06:04:31 GMT+0700 (Western Indonesia Time),Jawa Barat,Bekasi,Medan Satria,0,0,noaa20,medium,1
Mon Apr 19 2021 06:04:31 GMT+0700 (Western Indonesia Time),Jawa Barat,Bekasi,Medan Satria,0,0,noaa20,medium,1
Tue Apr 20 2021 06:36:00 GMT+0700 (Western Indonesia Time),Jawa Barat,Bogor,Gunungputri,0,0,aqua,medium,1
Tue Apr 20 2021 06:36:00 GMT+0700 (Western Indonesia Time),Jawa Barat,Bogor,Gunungputri,0,0,aqua,medium,1
Tue Apr 20 2021 06:35:26 GMT+0700 (Western Indonesia Time),Jawa Barat,Bogor,Gunungputri,0,0,snpp,medium,1
Tue Apr 20 2021 06:35:26 GMT+0700 (Western Indonesia Time),Jawa Barat,Bogor,Gunungputri,0,0,snpp,medium,1
Tue Apr 20 2021 06:35:26 GMT+0700 (Western Indonesia Time),Jawa Barat,Bogor,Gunungputri,0,0,snpp,medium,1
Tue Apr 20 2021 05:44:10 GMT+0700 (Western Indonesia Time),Jawa Barat,Bogor,Gunungputri,0,0,noaa20,medium,1
Tue Apr 20 2021 05:44:10 GMT+0700 (Western Indonesia Time),Jawa Barat,Bogor,Gunungputri,0,0,noaa20,medium,1
Tue Apr 20 2021 18:30:53 GMT+0700 (Western Indonesia Time),Jawa Barat,Bogor,Gunungputri,0,0,noaa20,medium,1
Tue Apr 20 2021 17:36:52 GMT+0700 (Western Indonesia Time),Jawa Barat,Bogor,Gunungputri,0,0,snpp,medium,1
Tue Apr 20 2021 18:30:53 GMT+0700 (Western Indonesia Time),Jawa Barat,Bogor,Gunungputri,0,0,noaa20,medium,1
Tue Apr 20 2021 18:30:53 GMT+0700 (Western Indonesia Time),Jawa Barat,Bogor,Gunungputri,0,0,noaa20,medium,1
Tue Apr 20 2021 17:36:52 GMT+0700 (Western Indonesia Time),Jawa Barat,Bogor,Gunungputri,0,0,snpp,medium,1
Tue Apr 20 2021 17:36:52 GMT+0700 (Western Indonesia Time),Jawa Barat,Bogor,Gunungputri,0,0,snpp,medium,1
Tue Apr 20 2021 18:30:53 GMT+0700 (Western Indonesia Time),Jawa Barat,Cirebon,Suranenggala,0,0,noaa20,medium,1
Tue Apr 20 2021 17:36:52 GMT+0700 (Western Indonesia Time),Jawa Barat,Cirebon,Suranenggala,0,0,snpp,medium,1
Tue Apr 20 2021 18:30:53 GMT+0700 (Western Indonesia Time),Jawa Barat,Cirebon,Suranenggala,0,0,noaa20,medium,1
Tue Apr 20 2021 17:36:52 GMT+0700 (Western Indonesia Time),Jawa Barat,Cirebon,Suranenggala,0,0,snpp,medium,1
Mon Apr 19 2021 17:55:48 GMT+0700 (Western Indonesia Time),Jawa Barat,Karawang,Rawamerta,0,0,snpp,medium,1
Mon Apr 19 2021 17:55:48 GMT+0700 (Western Indonesia Time),Jawa Barat,Karawang,Rawamerta,0,0,snpp,medium,1
Tue Apr 20 2021 06:35:26 GMT+0700 (Western Indonesia Time),Jawa Barat,Karawang,Rawamerta,0,0,snpp,medium,1
Tue Apr 20 2021 06:35:26 GMT+0700 (Western Indonesia Time),Jawa Barat,Karawang,Rawamerta,0,0,snpp,medium,1
Tue Apr 20 2021 06:35:26 GMT+0700 (Western Indonesia Time),Jawa Barat,Karawang,Rawamerta,0,0,snpp,medium,1
Sun Apr 18 2021 17:24:54 GMT+0700 (Western Indonesia Time),Jawa Barat,Karawang,Rawamerta,0,0,noaa20,medium,1
Sun Apr 18 2021 17:24:54 GMT+0700 (Western Indonesia Time),Jawa Barat,Karawang,Rawamerta,0,0,noaa20,medium,1
Tue Apr 20 2021 17:36:52 GMT+0700 (Western Indonesia Time),Jawa Barat,Karawang,Rawamerta,0,0,snpp,medium,1
Tue Apr 20 2021 17:36:52 GMT+0700 (Western Indonesia Time),Jawa Barat,Karawang,Rawamerta,0,0,snpp,medium,1
Tue Apr 20 2021 17:36:52 GMT+0700 (Western Indonesia Time),Jawa Barat,Karawang,Rawamerta,0,0,snpp,medium,1
Sun Apr 18 2021 18:17:35 GMT+0700 (Western Indonesia Time),Jawa Barat,Karawang,Rengasdengklok,0,0,snpp,medium,1
Sun Apr 18 2021 18:17:35 GMT+0700 (Western Indonesia Time),Jawa Barat,Karawang,Rengasdengklok,0,0,snpp,medium,1
Mon Apr 19 2021 18:52:40 GMT+0700 (Western Indonesia Time),Jawa Barat,Karawang,Rengasdengklok,0,0,noaa20,medium,1
Mon Apr 19 2021 18:52:40 GMT+0700 (Western Indonesia Time),Jawa Barat,Karawang,Rengasdengklok,0,0,noaa20,medium,1
Tue Apr 20 2021 18:30:53 GMT+0700 (Western Indonesia Time),Jawa Barat,Karawang,Rengasdengklok,0,0,noaa20,medium,1
Tue Apr 20 2021 18:30:53 GMT+0700 (Western Indonesia Time),Jawa Barat,Karawang,Rengasdengklok,0,0,noaa20,medium,1
Tue Apr 20 2021 18:30:53 GMT+0700 (Western Indonesia Time),Jawa Barat,Karawang,Rengasdengklok,0,0,noaa20,medium,1
Tue Apr 20 2021 17:36:52 GMT+0700 (Western Indonesia Time),Jawa Barat,Karawang,Rengasdengklok,0,0,snpp,medium,1
Tue Apr 20 2021 17:36:52 GMT+0700 (Western Indonesia Time),Jawa Barat,Karawang,Rengasdengklok,0,0,snpp,medium,1
Tue Apr 20 2021 05:44:10 GMT+0700 (Western Indonesia Time),Jawa Barat,Kuningan,Cipicung,0,0,noaa20,medium,1
Tue Apr 20 2021 05:44:10 GMT+0700 (Western Indonesia Time),Jawa Barat,Kuningan,Cipicung,0,0,noaa20,medium,1
Mon Apr 19 2021 02:57:00 GMT+0700 (Western Indonesia Time),Jawa Barat,Sukabumi,Pelabuhan Ratu,0,0,terra,low,1
Mon Apr 19 2021 02:57:00 GMT+0700 (Western Indonesia Time),Jawa Barat,Sukabumi,Pelabuhan Ratu,0,0,terra,low,1
Mon Apr 19 2021 17:55:48 GMT+0700 (Western Indonesia Time),Jawa Tengah,Banyumas,Baturaden,0,0,snpp,medium,1
Mon Apr 19 2021 17:55:48 GMT+0700 (Western Indonesia Time),Jawa Tengah,Banyumas,Baturaden,0,0,snpp,medium,1
Mon Apr 19 2021 17:55:48 GMT+0700 (Western Indonesia Time),Jawa Tengah,Batang,Banyuputih,0,0,snpp,medium,1
Mon Apr 19 2021 17:55:48 GMT+0700 (Western Indonesia Time),Jawa Tengah,Batang,Banyuputih,0,0,snpp,medium,1
Tue Apr 20 2021 18:30:53 GMT+0700 (Western Indonesia Time),Jawa Tengah,Batang,Banyuputih,0,0,noaa20,medium,1
Tue Apr 20 2021 17:36:52 GMT+0700 (Western Indonesia Time),Jawa Tengah,Batang,Banyuputih,0,0,snpp,medium,1
Tue Apr 20 2021 18:30:53 GMT+0700 (Western Indonesia Time),Jawa Tengah,Batang,Banyuputih,0,0,noaa20,medium,1
Tue Apr 20 2021 17:36:52 GMT+0700 (Western Indonesia Time),Jawa Tengah,Batang,Banyuputih,0,0,snpp,medium,1
Tue Apr 20 2021 05:44:10 GMT+0700 (Western Indonesia Time),Jawa Tengah,Blora,Blora,0,0,noaa20,medium,1
Tue Apr 20 2021 05:44:10 GMT+0700 (Western Indonesia Time),Jawa Tengah,Blora,Blora,0,0,noaa20,medium,1
Tue Apr 20 2021 05:44:10 GMT+0700 (Western Indonesia Time),Jawa Tengah,Boyolali,Ampel,0,0,noaa20,medium,1
Tue Apr 20 2021 05:44:10 GMT+0700 (Western Indonesia Time),Jawa Tengah,Boyolali,Ampel,0,0,noaa20,medium,1
Tue Apr 20 2021 05:44:10 GMT+0700 (Western Indonesia Time),Jawa Tengah,Boyolali,Banyudono,0,0,noaa20,low,1
Tue Apr 20 2021 05:44:10 GMT+0700 (Western Indonesia Time),Jawa Tengah,Boyolali,Banyudono,0,0,noaa20,low,1
Mon Apr 19 2021 15:16:00 GMT+0700 (Western Indonesia Time),Jawa Tengah,Boyolali,Selo,0,0,terra,low,1
Mon Apr 19 2021 15:16:00 GMT+0700 (Western Indonesia Time),Jawa Tengah,Boyolali,Selo,0,0,terra,low,1
Tue Apr 20 2021 18:30:53 GMT+0700 (Western Indonesia Time),Jawa Tengah,Boyolali,Selo,0,0,noaa20,medium,1
Tue Apr 20 2021 05:44:10 GMT+0700 (Western Indonesia Time),Jawa Tengah,Demak,Karangawen,0,0,noaa20,low,1
Tue Apr 20 2021 05:44:10 GMT+0700 (Western Indonesia Time),Jawa Tengah,Demak,Karangawen,0,0,noaa20,low,1
Tue Apr 20 2021 05:44:10 GMT+0700 (Western Indonesia Time),Jawa Tengah,Demak,Mranggen,0,0,noaa20,medium,1
Tue Apr 20 2021 05:44:10 GMT+0700 (Western Indonesia Time),Jawa Tengah,Demak,Mranggen,0,0,noaa20,medium,1
Tue Apr 20 2021 05:44:10 GMT+0700 (Western Indonesia Time),Jawa Tengah,Demak,Sayung,0,0,noaa20,medium,1
Tue Apr 20 2021 05:44:10 GMT+0700 (Western Indonesia Time),Jawa Tengah,Demak,Sayung,0,0,noaa20,medium,1
Tue Apr 20 2021 05:44:10 GMT+0700 (Western Indonesia Time),Jawa Tengah,Demak,Sayung,0,0,noaa20,medium,1
Tue Apr 20 2021 05:44:10 GMT+0700 (Western Indonesia Time),Jawa Tengah,Grobogan,Godong,0,0,noaa20,medium,1
Tue Apr 20 2021 05:44:10 GMT+0700 (Western Indonesia Time),Jawa Tengah,Grobogan,Godong,0,0,noaa20,medium,1
Tue Apr 20 2021 05:44:10 GMT+0700 (Western Indonesia Time),Jawa Tengah,Karanganyar,Jaten,0,0,noaa20,medium,1
Tue Apr 20 2021 05:44:10 GMT+0700 (Western Indonesia Time),Jawa Tengah,Karanganyar,Jaten,0,0,noaa20,medium,1
Tue Apr 20 2021 17:36:52 GMT+0700 (Western Indonesia Time),Jawa Tengah,Klaten,Juwiring,0,0,snpp,medium,1
Tue Apr 20 2021 17:36:52 GMT+0700 (Western Indonesia Time),Jawa Tengah,Klaten,Juwiring,0,0,snpp,medium,1
Tue Apr 20 2021 17:36:52 GMT+0700 (Western Indonesia Time),Jawa Tengah,Klaten,Juwiring,0,0,snpp,medium,1
Tue Apr 20 2021 18:30:53 GMT+0700 (Western Indonesia Time),Jawa Tengah,Klaten,Kemalang,0,0,noaa20,medium,1
Tue Apr 20 2021 05:44:10 GMT+0700 (Western Indonesia Time),Jawa Tengah,Kudus,Bae,0,0,noaa20,low,1
Tue Apr 20 2021 05:44:10 GMT+0700 (Western Indonesia Time),Jawa Tengah,Kudus,Bae,0,0,noaa20,low,1
Sun Apr 18 2021 17:24:54 GMT+0700 (Western Indonesia Time),Jawa Tengah,Magelang,Dukun,0,0,noaa20,medium,1
Sun Apr 18 2021 17:24:54 GMT+0700 (Western Indonesia Time),Jawa Tengah,Magelang,Dukun,0,0,noaa20,medium,1
Tue Apr 20 2021 17:36:52 GMT+0700 (Western Indonesia Time),Jawa Tengah,Magelang,Dukun,0,0,snpp,medium,1
Sun Apr 18 2021 18:17:35 GMT+0700 (Western Indonesia Time),Jawa Tengah,Magelang,Srumbung,0,0,snpp,medium,1
Tue Apr 20 2021 05:44:10 GMT+0700 (Western Indonesia Time),Jawa Tengah,Magelang,Srumbung,0,0,noaa20,medium,1
Tue Apr 20 2021 05:44:10 GMT+0700 (Western Indonesia Time),Jawa Tengah,Magelang,Srumbung,0,0,noaa20,medium,1
Tue Apr 20 2021 17:36:52 GMT+0700 (Western Indonesia Time),Jawa Tengah,Magelang,Srumbung,0,0,snpp,medium,1
Tue Apr 20 2021 17:36:52 GMT+0700 (Western Indonesia Time),Jawa Tengah,Magelang,Srumbung,0,0,snpp,medium,1
Mon Apr 19 2021 02:57:00 GMT+0700 (Western Indonesia Time),Jawa Tengah,Semarang,Bawen,0,0,terra,medium,1
Mon Apr 19 2021 02:57:00 GMT+0700 (Western Indonesia Time),Jawa Tengah,Semarang,Bawen,0,0,terra,medium,1
Mon Apr 19 2021 02:57:00 GMT+0700 (Western Indonesia Time),Jawa Tengah,Semarang,Bawen,0,0,terra,medium,1
Wed Apr 21 2021 02:44:00 GMT+0700 (Western Indonesia Time),Jawa Tengah,Semarang,Bawen,0,0,terra,medium,1
Wed Apr 21 2021 02:44:00 GMT+0700 (Western Indonesia Time),Jawa Tengah,Semarang,Bawen,0,0,terra,medium,1
Tue Apr 20 2021 05:44:10 GMT+0700 (Western Indonesia Time),Jawa Tengah,Semarang,Genuk,0,0,noaa20,medium,1
Tue Apr 20 2021 05:44:10 GMT+0700 (Western Indonesia Time),Jawa Tengah,Semarang,Genuk,0,0,noaa20,medium,1
Mon Apr 19 2021 02:57:00 GMT+0700 (Western Indonesia Time),Jawa Tengah,Semarang,Mijen,0,0,terra,medium,1
Mon Apr 19 2021 02:57:00 GMT+0700 (Western Indonesia Time),Jawa Tengah,Semarang,Mijen,0,0,terra,medium,1
Tue Apr 20 2021 05:44:10 GMT+0700 (Western Indonesia Time),Jawa Tengah,Semarang,Mijen,0,0,noaa20,medium,1
Tue Apr 20 2021 05:44:10 GMT+0700 (Western Indonesia Time),Jawa Tengah,Semarang,Mijen,0,0,noaa20,medium,1
Tue Apr 20 2021 18:30:53 GMT+0700 (Western Indonesia Time),Jawa Tengah,Sleman,Pakem,0,0,noaa20,medium,1
Tue Apr 20 2021 05:44:10 GMT+0700 (Western Indonesia Time),Jawa Tengah,Sukoharjo,Grogol,0,0,noaa20,low,1
Tue Apr 20 2021 05:44:10 GMT+0700 (Western Indonesia Time),Jawa Tengah,Sukoharjo,Grogol,0,0,noaa20,low,1
Tue Apr 20 2021 05:44:10 GMT+0700 (Western Indonesia Time),Jawa Tengah,Sukoharjo,Kartasura,0,0,noaa20,low,1
Tue Apr 20 2021 05:44:10 GMT+0700 (Western Indonesia Time),Jawa Tengah,Sukoharjo,Kartasura,0,0,noaa20,low,1
Tue Apr 20 2021 05:44:10 GMT+0700 (Western Indonesia Time),Jawa Timur,Gresik,Driyorejo,0,0,noaa20,low,1
Tue Apr 20 2021 05:44:10 GMT+0700 (Western Indonesia Time),Jawa Timur,Gresik,Driyorejo,0,0,noaa20,low,1
Tue Apr 20 2021 05:44:10 GMT+0700 (Western Indonesia Time),Jawa Timur,Kediri,Kota Kediri,0,0,noaa20,low,1
Tue Apr 20 2021 05:44:10 GMT+0700 (Western Indonesia Time),Jawa Timur,Kediri,Kota Kediri,0,0,noaa20,low,1
Mon Apr 19 2021 02:57:00 GMT+0700 (Western Indonesia Time),Jawa Timur,Lamongan,Lamongan,0,0,terra,medium,1
Mon Apr 19 2021 02:57:00 GMT+0700 (Western Indonesia Time),Jawa Timur,Lamongan,Lamongan,0,0,terra,medium,1
Tue Apr 20 2021 17:36:52 GMT+0700 (Western Indonesia Time),Jawa Timur,Lumajang,Tempeh,0,0,snpp,medium,1
Tue Apr 20 2021 17:36:52 GMT+0700 (Western Indonesia Time),Jawa Timur,Lumajang,Tempeh,0,0,snpp,medium,1
Sun Apr 18 2021 17:24:54 GMT+0700 (Western Indonesia Time),Jawa Timur,Mojokerto,Jatirejo,0,0,noaa20,medium,1
Sun Apr 18 2021 17:24:54 GMT+0700 (Western Indonesia Time),Jawa Timur,Mojokerto,Jatirejo,0,0,noaa20,medium,1
Mon Apr 19 2021 02:57:00 GMT+0700 (Western Indonesia Time),Jawa Timur,Mojokerto,Ngoro,0,0,terra,medium,1
Mon Apr 19 2021 02:57:00 GMT+0700 (Western Indonesia Time),Jawa Timur,Mojokerto,Ngoro,0,0,terra,medium,1
Wed Apr 21 2021 02:44:00 GMT+0700 (Western Indonesia Time),Jawa Timur,Mojokerto,Ngoro,0,0,terra,medium,1
Wed Apr 21 2021 02:44:00 GMT+0700 (Western Indonesia Time),Jawa Timur,Mojokerto,Ngoro,0,0,terra,medium,1
Sun Apr 18 2021 17:24:54 GMT+0700 (Western Indonesia Time),Jawa Timur,Mojokerto,Trowulan,0,0,noaa20,medium,1
Sun Apr 18 2021 17:24:54 GMT+0700 (Western Indonesia Time),Jawa Timur,Mojokerto,Trowulan,0,0,noaa20,medium,1
Tue Apr 20 2021 16:48:29 GMT+0700 (Western Indonesia Time),Jawa Timur,Mojokerto,Trowulan,0,0,noaa20,medium,1
Tue Apr 20 2021 16:48:29 GMT+0700 (Western Indonesia Time),Jawa Timur,Mojokerto,Trowulan,0,0,noaa20,medium,1
Tue Apr 20 2021 17:36:52 GMT+0700 (Western Indonesia Time),Jawa Timur,Mojokerto,Trowulan,0,0,snpp,medium,1
Tue Apr 20 2021 17:36:52 GMT+0700 (Western Indonesia Time),Jawa Timur,Mojokerto,Trowulan,0,0,snpp,medium,1
Tue Apr 20 2021 05:44:10 GMT+0700 (Western Indonesia Time),Jawa Timur,Nganjuk,Loceret,0,0,noaa20,medium,1
Tue Apr 20 2021 05:44:10 GMT+0700 (Western Indonesia Time),Jawa Timur,Nganjuk,Loceret,0,0,noaa20,medium,1
Mon Apr 19 2021 02:57:00 GMT+0700 (Western Indonesia Time),Jawa Timur,Sidoarjo,Gedangan,0,0,terra,medium,1
Mon Apr 19 2021 02:57:00 GMT+0700 (Western Indonesia Time),Jawa Timur,Sidoarjo,Gedangan,0,0,terra,medium,1
Sun Apr 18 2021 17:24:54 GMT+0700 (Western Indonesia Time),Jawa Timur,Situbondo,Kapongan,0,0,noaa20,medium,1
Sun Apr 18 2021 17:24:54 GMT+0700 (Western Indonesia Time),Jawa Timur,Situbondo,Kapongan,0,0,noaa20,medium,1
Sun Apr 18 2021 17:24:54 GMT+0700 (Western Indonesia Time),Jawa Timur,Situbondo,Kapongan,0,0,noaa20,medium,1
Wed Apr 21 2021 02:44:00 GMT+0700 (Western Indonesia Time),Jawa Timur,Surabaya,Benowo,0,0,terra,low,1
Wed Apr 21 2021 02:44:00 GMT+0700 (Western Indonesia Time),Jawa Timur,Surabaya,Benowo,0,0,terra,low,1
Mon Apr 19 2021 02:57:00 GMT+0700 (Western Indonesia Time),Kalimantan Barat,Ketapang,Kendawangan,0,0,terra,medium,1
Mon Apr 19 2021 02:57:00 GMT+0700 (Western Indonesia Time),Kalimantan Barat,Ketapang,Kendawangan,0,0,terra,medium,1
Mon Apr 19 2021 05:53:00 GMT+0700 (Western Indonesia Time),Kalimantan Barat,Ketapang,Kendawangan,0,0,aqua,medium,1
Mon Apr 19 2021 05:53:00 GMT+0700 (Western Indonesia Time),Kalimantan Barat,Ketapang,Kendawangan,0,0,aqua,medium,1
Mon Apr 19 2021 05:53:00 GMT+0700 (Western Indonesia Time),Kalimantan Barat,Ketapang,Kendawangan,0,0,aqua,medium,1
Mon Apr 19 2021 05:53:00 GMT+0700 (Western Indonesia Time),Kalimantan Barat,Ketapang,Kendawangan,0,0,aqua,medium,1
Mon Apr 19 2021 05:53:00 GMT+0700 (Western Indonesia Time),Kalimantan Barat,Ketapang,Kendawangan,0,0,aqua,high,1
Mon Apr 19 2021 17:55:48 GMT+0700 (Western Indonesia Time),Kalimantan Barat,Ketapang,Kendawangan,0,0,snpp,medium,1
Mon Apr 19 2021 17:55:48 GMT+0700 (Western Indonesia Time),Kalimantan Barat,Ketapang,Kendawangan,0,0,snpp,medium,1
Tue Apr 20 2021 06:35:26 GMT+0700 (Western Indonesia Time),Kalimantan Barat,Ketapang,Kendawangan,0,0,snpp,medium,1
Tue Apr 20 2021 06:35:26 GMT+0700 (Western Indonesia Time),Kalimantan Barat,Ketapang,Kendawangan,0,0,snpp,medium,1
Tue Apr 20 2021 05:44:10 GMT+0700 (Western Indonesia Time),Kalimantan Barat,Ketapang,Kendawangan,0,0,noaa20,medium,1
Tue Apr 20 2021 05:44:10 GMT+0700 (Western Indonesia Time),Kalimantan Barat,Ketapang,Kendawangan,0,0,noaa20,medium,1
Tue Apr 20 2021 05:44:10 GMT+0700 (Western Indonesia Time),Kalimantan Barat,Ketapang,Kendawangan,0,0,noaa20,medium,1
Tue Apr 20 2021 05:44:10 GMT+0700 (Western Indonesia Time),Kalimantan Barat,Ketapang,Kendawangan,0,0,noaa20,medium,1
Tue Apr 20 2021 05:44:10 GMT+0700 (Western Indonesia Time),Kalimantan Barat,Ketapang,Kendawangan,0,0,noaa20,medium,1
Tue Apr 20 2021 05:44:10 GMT+0700 (Western Indonesia Time),Kalimantan Barat,Ketapang,Kendawangan,0,0,noaa20,medium,1
Tue Apr 20 2021 05:44:10 GMT+0700 (Western Indonesia Time),Kalimantan Barat,Ketapang,Kendawangan,0,0,noaa20,medium,1
Mon Apr 19 2021 17:07:24 GMT+0700 (Western Indonesia Time),Kalimantan Barat,Ketapang,Kendawangan,0,0,noaa20,medium,1
Mon Apr 19 2021 17:07:24 GMT+0700 (Western Indonesia Time),Kalimantan Barat,Ketapang,Kendawangan,0,0,noaa20,medium,1
Mon Apr 19 2021 06:04:31 GMT+0700 (Western Indonesia Time),Kalimantan Barat,Ketapang,Kendawangan,0,0,noaa20,medium,1
Mon Apr 19 2021 06:04:31 GMT+0700 (Western Indonesia Time),Kalimantan Barat,Ketapang,Kendawangan,0,0,noaa20,medium,1
Mon Apr 19 2021 06:04:31 GMT+0700 (Western Indonesia Time),Kalimantan Barat,Ketapang,Kendawangan,0,0,noaa20,low,1
Mon Apr 19 2021 06:04:31 GMT+0700 (Western Indonesia Time),Kalimantan Barat,Ketapang,Kendawangan,0,0,noaa20,medium,1
Mon Apr 19 2021 06:04:31 GMT+0700 (Western Indonesia Time),Kalimantan Barat,Ketapang,Kendawangan,0,0,noaa20,medium,1
Mon Apr 19 2021 06:04:31 GMT+0700 (Western Indonesia Time),Kalimantan Barat,Ketapang,Manisamata,0,0,noaa20,low,1
Mon Apr 19 2021 06:04:31 GMT+0700 (Western Indonesia Time),Kalimantan Barat,Ketapang,Manisamata,0,0,noaa20,low,1
Tue Apr 20 2021 06:35:26 GMT+0700 (Western Indonesia Time),Kalimantan Barat,Ketapang,Matan Hilir Selatan,0,0,snpp,medium,1
Tue Apr 20 2021 06:35:26 GMT+0700 (Western Indonesia Time),Kalimantan Barat,Ketapang,Matan Hilir Selatan,0,0,snpp,medium,1
Tue Apr 20 2021 05:44:10 GMT+0700 (Western Indonesia Time),Kalimantan Barat,Ketapang,Matan Hilir Selatan,0,0,noaa20,medium,1
Tue Apr 20 2021 05:44:10 GMT+0700 (Western Indonesia Time),Kalimantan Barat,Ketapang,Matan Hilir Selatan,0,0,noaa20,medium,1
Tue Apr 20 2021 05:44:10 GMT+0700 (Western Indonesia Time),Kalimantan Barat,Ketapang,Matan Hilir Selatan,0,0,noaa20,medium,1
Tue Apr 20 2021 05:44:10 GMT+0700 (Western Indonesia Time),Kalimantan Barat,Ketapang,Matan Hilir Selatan,0,0,noaa20,medium,1
Tue Apr 20 2021 05:44:10 GMT+0700 (Western Indonesia Time),Kalimantan Barat,Ketapang,Matan Hilir Selatan,0,0,noaa20,medium,1
Tue Apr 20 2021 05:44:10 GMT+0700 (Western Indonesia Time),Kalimantan Barat,Ketapang,Matan Hilir Selatan,0,0,noaa20,medium,1
Mon Apr 19 2021 06:04:31 GMT+0700 (Western Indonesia Time),Kalimantan Barat,Ketapang,Matan Hilir Selatan,0,0,noaa20,medium,1
Mon Apr 19 2021 06:04:31 GMT+0700 (Western Indonesia Time),Kalimantan Barat,Ketapang,Matan Hilir Selatan,0,0,noaa20,medium,1
Mon Apr 19 2021 05:53:00 GMT+0700 (Western Indonesia Time),Kalimantan Barat,Melawi,Nanga Pinoh,0,0,aqua,medium,1
Mon Apr 19 2021 05:53:00 GMT+0700 (Western Indonesia Time),Kalimantan Barat,Melawi,Nanga Pinoh,0,0,aqua,medium,1
Tue Apr 20 2021 06:35:26 GMT+0700 (Western Indonesia Time),Kalimantan Barat,Pontianak,Mempawah Timur,0,0,snpp,medium,1
Tue Apr 20 2021 06:35:26 GMT+0700 (Western Indonesia Time),Kalimantan Barat,Pontianak,Mempawah Timur,0,0,snpp,medium,1
Mon Apr 19 2021 05:53:00 GMT+0700 (Western Indonesia Time),Kalimantan Barat,Sanggau,Kapuas,0,0,aqua,medium,1
Mon Apr 19 2021 05:53:00 GMT+0700 (Western Indonesia Time),Kalimantan Barat,Sanggau,Kapuas,0,0,aqua,medium,1
Tue Apr 20 2021 06:35:26 GMT+0700 (Western Indonesia Time),Kalimantan Barat,Sanggau,Tayan Hilir,0,0,snpp,medium,1
Tue Apr 20 2021 06:35:26 GMT+0700 (Western Indonesia Time),Kalimantan Barat,Sanggau,Tayan Hilir,0,0,snpp,medium,1
Tue Apr 20 2021 05:44:10 GMT+0700 (Western Indonesia Time),Kalimantan Selatan,Balangan,Halong,0,0,noaa20,medium,1
Tue Apr 20 2021 05:44:10 GMT+0700 (Western Indonesia Time),Kalimantan Selatan,Balangan,Halong,0,0,noaa20,medium,1
Tue Apr 20 2021 05:44:10 GMT+0700 (Western Indonesia Time),Kalimantan Selatan,Balangan,Paringin,0,0,noaa20,medium,1
Tue Apr 20 2021 05:44:10 GMT+0700 (Western Indonesia Time),Kalimantan Selatan,Balangan,Paringin,0,0,noaa20,medium,1
Tue Apr 20 2021 05:44:10 GMT+0700 (Western Indonesia Time),Kalimantan Selatan,Banjar,Aranio,0,0,noaa20,medium,1
Tue Apr 20 2021 05:44:10 GMT+0700 (Western Indonesia Time),Kalimantan Selatan,Banjar,Aranio,0,0,noaa20,medium,1
Tue Apr 20 2021 05:44:10 GMT+0700 (Western Indonesia Time),Kalimantan Selatan,Banjar,Pengarom,0,0,noaa20,medium,1
Tue Apr 20 2021 05:44:10 GMT+0700 (Western Indonesia Time),Kalimantan Selatan,Banjar,Pengarom,0,0,noaa20,medium,1
Tue Apr 20 2021 05:44:10 GMT+0700 (Western Indonesia Time),Kalimantan Selatan,Banjar,Pengarom,0,0,noaa20,medium,1
Mon Apr 19 2021 06:04:31 GMT+0700 (Western Indonesia Time),Kalimantan Selatan,Baru,Kelumpang Hulu,0,0,noaa20,medium,1
Mon Apr 19 2021 06:04:31 GMT+0700 (Western Indonesia Time),Kalimantan Selatan,Baru,Kelumpang Hulu,0,0,noaa20,medium,1
Mon Apr 19 2021 06:04:31 GMT+0700 (Western Indonesia Time),Kalimantan Selatan,Baru,Kelumpang Hulu,0,0,noaa20,medium,1
Mon Apr 19 2021 06:04:31 GMT+0700 (Western Indonesia Time),Kalimantan Selatan,Baru,Kelumpang Hulu,0,0,noaa20,medium,1
Mon Apr 19 2021 06:04:31 GMT+0700 (Western Indonesia Time),Kalimantan Selatan,Baru,Kelumpang Hulu,0,0,noaa20,medium,1
Tue Apr 20 2021 05:44:10 GMT+0700 (Western Indonesia Time),Kalimantan Selatan,Baru,Pamukan Selatan,0,0,noaa20,medium,1
Tue Apr 20 2021 05:44:10 GMT+0700 (Western Indonesia Time),Kalimantan Selatan,Baru,Pamukan Selatan,0,0,noaa20,medium,1
Mon Apr 19 2021 17:07:24 GMT+0700 (Western Indonesia Time),Kalimantan Selatan,Baru,Pamukan Selatan,0,0,noaa20,medium,1
Mon Apr 19 2021 17:07:24 GMT+0700 (Western Indonesia Time),Kalimantan Selatan,Baru,Pamukan Selatan,0,0,noaa20,medium,1
Tue Apr 20 2021 04:54:26 GMT+0700 (Western Indonesia Time),Kalimantan Selatan,Baru,Sampanahan,0,0,snpp,medium,1
Tue Apr 20 2021 04:54:26 GMT+0700 (Western Indonesia Time),Kalimantan Selatan,Baru,Sampanahan,0,0,snpp,medium,1
Tue Apr 20 2021 04:54:26 GMT+0700 (Western Indonesia Time),Kalimantan Selatan,Baru,Sampanahan,0,0,snpp,medium,1
Tue Apr 20 2021 05:44:10 GMT+0700 (Western Indonesia Time),Kalimantan Selatan,Baru,Sampanahan,0,0,noaa20,medium,1
Tue Apr 20 2021 05:44:10 GMT+0700 (Western Indonesia Time),Kalimantan Selatan,Baru,Sampanahan,0,0,noaa20,medium,1
Mon Apr 19 2021 05:11:56 GMT+0700 (Western Indonesia Time),Kalimantan Selatan,Tanahbumbu,Angsana,0,0,snpp,medium,1
Mon Apr 19 2021 05:11:56 GMT+0700 (Western Indonesia Time),Kalimantan Selatan,Tanahbumbu,Angsana,0,0,snpp,medium,1
Mon Apr 19 2021 05:11:56 GMT+0700 (Western Indonesia Time),Kalimantan Selatan,Tanahbumbu,Angsana,0,0,snpp,medium,1
Mon Apr 19 2021 05:53:00 GMT+0700 (Western Indonesia Time),Kalimantan Selatan,Tanahbumbu,Angsana,0,0,aqua,medium,1
Mon Apr 19 2021 05:53:00 GMT+0700 (Western Indonesia Time),Kalimantan Selatan,Tanahbumbu,Angsana,0,0,aqua,medium,1
Mon Apr 19 2021 17:55:48 GMT+0700 (Western Indonesia Time),Kalimantan Selatan,Tanahbumbu,Angsana,0,0,snpp,medium,1
Mon Apr 19 2021 17:55:48 GMT+0700 (Western Indonesia Time),Kalimantan Selatan,Tanahbumbu,Angsana,0,0,snpp,medium,1
Mon Apr 19 2021 17:55:48 GMT+0700 (Western Indonesia Time),Kalimantan Selatan,Tanahbumbu,Angsana,0,0,snpp,medium,1
Tue Apr 20 2021 04:54:26 GMT+0700 (Western Indonesia Time),Kalimantan Selatan,Tanahbumbu,Angsana,0,0,snpp,medium,1
Tue Apr 20 2021 04:54:26 GMT+0700 (Western Indonesia Time),Kalimantan Selatan,Tanahbumbu,Angsana,0,0,snpp,medium,1
Tue Apr 20 2021 05:44:10 GMT+0700 (Western Indonesia Time),Kalimantan Selatan,Tanahbumbu,Angsana,0,0,noaa20,medium,1
Tue Apr 20 2021 05:44:10 GMT+0700 (Western Indonesia Time),Kalimantan Selatan,Tanahbumbu,Angsana,0,0,noaa20,medium,1
Sun Apr 18 2021 17:24:54 GMT+0700 (Western Indonesia Time),Kalimantan Selatan,Tanahbumbu,Angsana,0,0,noaa20,medium,1
Sun Apr 18 2021 17:24:54 GMT+0700 (Western Indonesia Time),Kalimantan Selatan,Tanahbumbu,Angsana,0,0,noaa20,medium,1
Tue Apr 20 2021 16:48:29 GMT+0700 (Western Indonesia Time),Kalimantan Selatan,Tanahbumbu,Angsana,0,0,noaa20,medium,1
Tue Apr 20 2021 16:48:29 GMT+0700 (Western Indonesia Time),Kalimantan Selatan,Tanahbumbu,Angsana,0,0,noaa20,medium,1
Tue Apr 20 2021 16:48:29 GMT+0700 (Western Indonesia Time),Kalimantan Selatan,Tanahbumbu,Angsana,0,0,noaa20,medium,1
Tue Apr 20 2021 17:36:52 GMT+0700 (Western Indonesia Time),Kalimantan Selatan,Tanahbumbu,Angsana,0,0,snpp,medium,1
Tue Apr 20 2021 17:36:52 GMT+0700 (Western Indonesia Time),Kalimantan Selatan,Tanahbumbu,Angsana,0,0,snpp,medium,1
Tue Apr 20 2021 17:36:52 GMT+0700 (Western Indonesia Time),Kalimantan Selatan,Tanahbumbu,Angsana,0,0,snpp,medium,1
Tue Apr 20 2021 17:36:52 GMT+0700 (Western Indonesia Time),Kalimantan Selatan,Tanahbumbu,Angsana,0,0,snpp,medium,1
Tue Apr 20 2021 17:36:52 GMT+0700 (Western Indonesia Time),Kalimantan Selatan,Tanahbumbu,Angsana,0,0,snpp,medium,1
Tue Apr 20 2021 17:36:52 GMT+0700 (Western Indonesia Time),Kalimantan Selatan,Tanahbumbu,Angsana,0,0,snpp,medium,1
Sun Apr 18 2021 17:24:54 GMT+0700 (Western Indonesia Time),Kalimantan Selatan,Tanahbumbu,Kusanhulu,0,0,noaa20,medium,1
Sun Apr 18 2021 17:24:54 GMT+0700 (Western Indonesia Time),Kalimantan Selatan,Tanahbumbu,Kusanhulu,0,0,noaa20,medium,1
Tue Apr 20 2021 17:36:52 GMT+0700 (Western Indonesia Time),Kalimantan Selatan,Tanahbumbu,Kusanhulu,0,0,snpp,medium,1
Tue Apr 20 2021 17:36:52 GMT+0700 (Western Indonesia Time),Kalimantan Selatan,Tanahbumbu,Kusanhulu,0,0,snpp,medium,1
Mon Apr 19 2021 17:55:48 GMT+0700 (Western Indonesia Time),Kalimantan Selatan,Tanahbumbu,Satui,0,0,snpp,medium,1
Mon Apr 19 2021 17:55:48 GMT+0700 (Western Indonesia Time),Kalimantan Selatan,Tanahbumbu,Satui,0,0,snpp,medium,1
Sun Apr 18 2021 17:24:54 GMT+0700 (Western Indonesia Time),Kalimantan Selatan,Tanahbumbu,Satui,0,0,noaa20,medium,1
Sun Apr 18 2021 17:24:54 GMT+0700 (Western Indonesia Time),Kalimantan Selatan,Tanahbumbu,Satui,0,0,noaa20,medium,1
Tue Apr 20 2021 17:36:52 GMT+0700 (Western Indonesia Time),Kalimantan Selatan,Tanahbumbu,Satui,0,0,snpp,medium,1
Tue Apr 20 2021 17:36:52 GMT+0700 (Western Indonesia Time),Kalimantan Selatan,Tanahbumbu,Satui,0,0,snpp,medium,1
Mon Apr 19 2021 17:55:48 GMT+0700 (Western Indonesia Time),Kalimantan Selatan,Tapin,Lokpaikat,0,0,snpp,medium,1
Mon Apr 19 2021 17:55:48 GMT+0700 (Western Indonesia Time),Kalimantan Selatan,Tapin,Lokpaikat,0,0,snpp,medium,1
Tue Apr 20 2021 04:54:26 GMT+0700 (Western Indonesia Time),Kalimantan Selatan,Tapin,Lokpaikat,0,0,snpp,medium,1
Tue Apr 20 2021 04:54:26 GMT+0700 (Western Indonesia Time),Kalimantan Selatan,Tapin,Lokpaikat,0,0,snpp,medium,1
Tue Apr 20 2021 05:44:10 GMT+0700 (Western Indonesia Time),Kalimantan Selatan,Tapin,Lokpaikat,0,0,noaa20,low,1
Tue Apr 20 2021 05:44:10 GMT+0700 (Western Indonesia Time),Kalimantan Selatan,Tapin,Lokpaikat,0,0,noaa20,low,1
Mon Apr 19 2021 17:07:24 GMT+0700 (Western Indonesia Time),Kalimantan Selatan,Tapin,Lokpaikat,0,0,noaa20,medium,1
Mon Apr 19 2021 17:07:24 GMT+0700 (Western Indonesia Time),Kalimantan Selatan,Tapin,Lokpaikat,0,0,noaa20,medium,1
Mon Apr 19 2021 17:07:24 GMT+0700 (Western Indonesia Time),Kalimantan Selatan,Tapin,Lokpaikat,0,0,noaa20,medium,1
Sun Apr 18 2021 17:24:54 GMT+0700 (Western Indonesia Time),Kalimantan Selatan,Tapin,Lokpaikat,0,0,noaa20,medium,1
Sun Apr 18 2021 17:24:54 GMT+0700 (Western Indonesia Time),Kalimantan Selatan,Tapin,Lokpaikat,0,0,noaa20,medium,1
Sun Apr 18 2021 17:24:54 GMT+0700 (Western Indonesia Time),Kalimantan Selatan,Tapin,Lokpaikat,0,0,noaa20,medium,1
Sun Apr 18 2021 17:24:54 GMT+0700 (Western Indonesia Time),Kalimantan Selatan,Tapin,Lokpaikat,0,0,noaa20,medium,1
Tue Apr 20 2021 16:48:29 GMT+0700 (Western Indonesia Time),Kalimantan Selatan,Tapin,Lokpaikat,0,0,noaa20,medium,1
Tue Apr 20 2021 16:48:29 GMT+0700 (Western Indonesia Time),Kalimantan Selatan,Tapin,Lokpaikat,0,0,noaa20,medium,1
Tue Apr 20 2021 16:48:29 GMT+0700 (Western Indonesia Time),Kalimantan Selatan,Tapin,Lokpaikat,0,0,noaa20,medium,1
Tue Apr 20 2021 17:36:52 GMT+0700 (Western Indonesia Time),Kalimantan Selatan,Tapin,Lokpaikat,0,0,snpp,medium,1
Tue Apr 20 2021 17:36:52 GMT+0700 (Western Indonesia Time),Kalimantan Selatan,Tapin,Lokpaikat,0,0,snpp,medium,1
Tue Apr 20 2021 17:36:52 GMT+0700 (Western Indonesia Time),Kalimantan Tengah,Barito Utara,Montallat,0,0,snpp,medium,1
Tue Apr 20 2021 17:36:52 GMT+0700 (Western Indonesia Time),Kalimantan Tengah,Barito Utara,Montallat,0,0,snpp,medium,1
Mon Apr 19 2021 06:04:31 GMT+0700 (Western Indonesia Time),Kalimantan Tengah,Gunung Mas,Manuhing,0,0,noaa20,medium,1
Mon Apr 19 2021 06:04:31 GMT+0700 (Western Indonesia Time),Kalimantan Tengah,Gunung Mas,Manuhing,0,0,noaa20,medium,1
Mon Apr 19 2021 17:55:48 GMT+0700 (Western Indonesia Time),Kalimantan Tengah,Kapuas,Kapuas Tengah,0,0,snpp,medium,1
Mon Apr 19 2021 17:55:48 GMT+0700 (Western Indonesia Time),Kalimantan Tengah,Kapuas,Kapuas Tengah,0,0,snpp,medium,1
Mon Apr 19 2021 05:53:00 GMT+0700 (Western Indonesia Time),Kalimantan Tengah,Kapuas,Mantangai,0,0,aqua,medium,1
Mon Apr 19 2021 05:53:00 GMT+0700 (Western Indonesia Time),Kalimantan Tengah,Kapuas,Mantangai,0,0,aqua,medium,1
Tue Apr 20 2021 05:44:10 GMT+0700 (Western Indonesia Time),Kalimantan Tengah,Kapuas,Mantangai,0,0,noaa20,medium,1
Tue Apr 20 2021 05:44:10 GMT+0700 (Western Indonesia Time),Kalimantan Tengah,Kapuas,Mantangai,0,0,noaa20,medium,1
Wed Apr 21 2021 02:44:00 GMT+0700 (Western Indonesia Time),Kalimantan Tengah,Kapuas,Selat,0,0,terra,low,1
Wed Apr 21 2021 02:44:00 GMT+0700 (Western Indonesia Time),Kalimantan Tengah,Kapuas,Selat,0,0,terra,low,1
Tue Apr 20 2021 05:44:10 GMT+0700 (Western Indonesia Time),Kalimantan Tengah,Kapuas,Tamban Catur,0,0,noaa20,medium,1
Tue Apr 20 2021 05:44:10 GMT+0700 (Western Indonesia Time),Kalimantan Tengah,Kapuas,Tamban Catur,0,0,noaa20,medium,1
Mon Apr 19 2021 05:53:00 GMT+0700 (Western Indonesia Time),Kalimantan Tengah,Katingan,Kampiang,0,0,aqua,low,1
Mon Apr 19 2021 05:53:00 GMT+0700 (Western Indonesia Time),Kalimantan Tengah,Katingan,Kampiang,0,0,aqua,low,1
Tue Apr 20 2021 05:44:10 GMT+0700 (Western Indonesia Time),Kalimantan Tengah,Katingan,Katingankuala,0,0,noaa20,medium,1
Tue Apr 20 2021 05:44:10 GMT+0700 (Western Indonesia Time),Kalimantan Tengah,Katingan,Katingankuala,0,0,noaa20,medium,1
Mon Apr 19 2021 05:11:56 GMT+0700 (Western Indonesia Time),Kalimantan Tengah,Katingan,Sanaman Mantikei,0,0,snpp,medium,1
Mon Apr 19 2021 05:11:56 GMT+0700 (Western Indonesia Time),Kalimantan Tengah,Katingan,Sanaman Mantikei,0,0,snpp,medium,1
Tue Apr 20 2021 17:36:52 GMT+0700 (Western Indonesia Time),Kalimantan Tengah,Katingan,Sanaman Mantikei,0,0,snpp,medium,1
Tue Apr 20 2021 17:36:52 GMT+0700 (Western Indonesia Time),Kalimantan Tengah,Katingan,Sanaman Mantikei,0,0,snpp,medium,1
Tue Apr 20 2021 05:44:10 GMT+0700 (Western Indonesia Time),Kalimantan Tengah,Lamandau,Bulik,0,0,noaa20,medium,1
Tue Apr 20 2021 05:44:10 GMT+0700 (Western Indonesia Time),Kalimantan Tengah,Lamandau,Bulik,0,0,noaa20,medium,1
Mon Apr 19 2021 17:55:48 GMT+0700 (Western Indonesia Time),Kalimantan Tengah,Pulangpisau,Kahayan Kuala,0,0,snpp,medium,1
Mon Apr 19 2021 17:55:48 GMT+0700 (Western Indonesia Time),Kalimantan Tengah,Pulangpisau,Kahayan Kuala,0,0,snpp,medium,1
Mon Apr 19 2021 17:07:24 GMT+0700 (Western Indonesia Time),Kalimantan Tengah,Pulangpisau,Kahayan Kuala,0,0,noaa20,medium,1
Mon Apr 19 2021 17:07:24 GMT+0700 (Western Indonesia Time),Kalimantan Tengah,Pulangpisau,Kahayan Kuala,0,0,noaa20,medium,1
Mon Apr 19 2021 17:07:24 GMT+0700 (Western Indonesia Time),Kalimantan Tengah,Pulangpisau,Kahayan Kuala,0,0,noaa20,medium,1
Sun Apr 18 2021 17:24:54 GMT+0700 (Western Indonesia Time),Kalimantan Tengah,Pulangpisau,Kahayan Kuala,0,0,noaa20,medium,1
Sun Apr 18 2021 17:24:54 GMT+0700 (Western Indonesia Time),Kalimantan Tengah,Pulangpisau,Kahayan Kuala,0,0,noaa20,medium,1
Sun Apr 18 2021 17:24:54 GMT+0700 (Western Indonesia Time),Kalimantan Tengah,Pulangpisau,Kahayan Kuala,0,0,noaa20,medium,1
Sun Apr 18 2021 17:24:54 GMT+0700 (Western Indonesia Time),Kalimantan Tengah,Pulangpisau,Kahayan Kuala,0,0,noaa20,medium,1
Tue Apr 20 2021 06:35:26 GMT+0700 (Western Indonesia Time),Kalimantan Tengah,Sukamara,Permata Kecubung,0,0,snpp,medium,1
Tue Apr 20 2021 06:35:26 GMT+0700 (Western Indonesia Time),Kalimantan Tengah,Sukamara,Permata Kecubung,0,0,snpp,medium,1
Tue Apr 20 2021 06:35:26 GMT+0700 (Western Indonesia Time),Kalimantan Tengah,Sukamara,Permata Kecubung,0,0,snpp,medium,1
Tue Apr 20 2021 06:35:26 GMT+0700 (Western Indonesia Time),Kalimantan Tengah,Sukamara,Permata Kecubung,0,0,snpp,medium,1
Tue Apr 20 2021 05:44:10 GMT+0700 (Western Indonesia Time),Kalimantan Tengah,Sukamara,Sukamara,0,0,noaa20,medium,1
Tue Apr 20 2021 05:44:10 GMT+0700 (Western Indonesia Time),Kalimantan Tengah,Sukamara,Sukamara,0,0,noaa20,medium,1
Mon Apr 19 2021 17:55:48 GMT+0700 (Western Indonesia Time),Kalimantan Tengah,Waringin Timur,Antangkalang,0,0,snpp,medium,1
Mon Apr 19 2021 17:55:48 GMT+0700 (Western Indonesia Time),Kalimantan Tengah,Waringin Timur,Antangkalang,0,0,snpp,medium,1
Mon Apr 19 2021 17:07:24 GMT+0700 (Western Indonesia Time),Kalimantan Tengah,Waringin Timur,Antangkalang,0,0,noaa20,medium,1
Mon Apr 19 2021 17:07:24 GMT+0700 (Western Indonesia Time),Kalimantan Tengah,Waringin Timur,Antangkalang,0,0,noaa20,medium,1
Tue Apr 20 2021 06:35:26 GMT+0700 (Western Indonesia Time),Kalimantan Tengah,Waringin Timur,Cembaga,0,0,snpp,medium,1
Tue Apr 20 2021 06:35:26 GMT+0700 (Western Indonesia Time),Kalimantan Tengah,Waringin Timur,Cembaga,0,0,snpp,medium,1
Tue Apr 20 2021 06:35:26 GMT+0700 (Western Indonesia Time),Kalimantan Tengah,Waringin Timur,Cembaga,0,0,snpp,medium,1
Wed Apr 21 2021 02:44:00 GMT+0700 (Western Indonesia Time),Kalimantan Timur,Balikpapan,Balikpapan Kota,0,0,terra,low,1
Wed Apr 21 2021 02:44:00 GMT+0700 (Western Indonesia Time),Kalimantan Timur,Balikpapan,Balikpapan Kota,0,0,terra,low,1
Wed Apr 21 2021 02:44:00 GMT+0700 (Western Indonesia Time),Kalimantan Timur,Balikpapan,Balikpapan Kota,0,0,terra,medium,1
Tue Apr 20 2021 04:54:26 GMT+0700 (Western Indonesia Time),Kalimantan Timur,Kutai Kartanegara,Marangkayu,0,0,snpp,medium,1
Tue Apr 20 2021 04:54:26 GMT+0700 (Western Indonesia Time),Kalimantan Timur,Kutai Kartanegara,Marangkayu,0,0,snpp,medium,1
Tue Apr 20 2021 17:36:52 GMT+0700 (Western Indonesia Time),Kalimantan Timur,Kutai Kartanegara,Sebilu,0,0,snpp,medium,1
Tue Apr 20 2021 17:36:52 GMT+0700 (Western Indonesia Time),Kalimantan Timur,Kutai Kartanegara,Sebilu,0,0,snpp,medium,1
Tue Apr 20 2021 17:36:52 GMT+0700 (Western Indonesia Time),Kalimantan Timur,Kutai Kartanegara,Sebilu,0,0,snpp,medium,1
Mon Apr 19 2021 17:07:24 GMT+0700 (Western Indonesia Time),Kalimantan Timur,Paser,Batu Sopang,0,0,noaa20,medium,1
Mon Apr 19 2021 17:07:24 GMT+0700 (Western Indonesia Time),Kalimantan Timur,Paser,Batu Sopang,0,0,noaa20,medium,1
Mon Apr 19 2021 17:07:24 GMT+0700 (Western Indonesia Time),Kalimantan Timur,Paser,Batu Sopang,0,0,noaa20,medium,1
Mon Apr 19 2021 17:07:24 GMT+0700 (Western Indonesia Time),Kalimantan Timur,Paser,Batu Sopang,0,0,noaa20,medium,1
Mon Apr 19 2021 17:07:24 GMT+0700 (Western Indonesia Time),Kalimantan Timur,Paser,Batu Sopang,0,0,noaa20,medium,1
Mon Apr 19 2021 17:07:24 GMT+0700 (Western Indonesia Time),Kalimantan Timur,Paser,Batu Sopang,0,0,noaa20,medium,1
Mon Apr 19 2021 17:07:24 GMT+0700 (Western Indonesia Time),Kalimantan Timur,Paser,Batu Sopang,0,0,noaa20,medium,1
Sun Apr 18 2021 17:24:54 GMT+0700 (Western Indonesia Time),Kalimantan Timur,Paser,Batu Sopang,0,0,noaa20,medium,1
Sun Apr 18 2021 17:24:54 GMT+0700 (Western Indonesia Time),Kalimantan Timur,Paser,Batu Sopang,0,0,noaa20,medium,1
Sun Apr 18 2021 17:24:54 GMT+0700 (Western Indonesia Time),Kalimantan Timur,Paser,Batu Sopang,0,0,noaa20,medium,1
Sun Apr 18 2021 17:24:54 GMT+0700 (Western Indonesia Time),Kalimantan Timur,Paser,Batu Sopang,0,0,noaa20,medium,1
Wed Apr 21 2021 02:44:00 GMT+0700 (Western Indonesia Time),Kalimantan Timur,Paser,Tanahgrogot,0,0,terra,medium,1
Wed Apr 21 2021 02:44:00 GMT+0700 (Western Indonesia Time),Kalimantan Timur,Paser,Tanahgrogot,0,0,terra,medium,1
Wed Apr 21 2021 02:44:00 GMT+0700 (Western Indonesia Time),Kalimantan Timur,Paser,Tanjungharapan,0,0,terra,medium,1
Wed Apr 21 2021 02:44:00 GMT+0700 (Western Indonesia Time),Kalimantan Timur,Paser,Tanjungharapan,0,0,terra,medium,1
Mon Apr 19 2021 06:57:10 GMT+0700 (Western Indonesia Time),Kep. Bangka Belitung,Bangka,Mendo Barat,0,0,snpp,medium,1
Mon Apr 19 2021 06:57:10 GMT+0700 (Western Indonesia Time),Kep. Bangka Belitung,Bangka,Mendo Barat,0,0,snpp,medium,1
Mon Apr 19 2021 06:04:31 GMT+0700 (Western Indonesia Time),Kep. Bangka Belitung,Bangka,Mendo Barat,0,0,noaa20,medium,1
Mon Apr 19 2021 06:04:31 GMT+0700 (Western Indonesia Time),Kep. Bangka Belitung,Bangka,Mendo Barat,0,0,noaa20,medium,1
Mon Apr 19 2021 06:57:10 GMT+0700 (Western Indonesia Time),Kep. Bangka Belitung,Bangka Selatan,Air Gegas,0,0,snpp,medium,1
Mon Apr 19 2021 06:57:10 GMT+0700 (Western Indonesia Time),Kep. Bangka Belitung,Bangka Selatan,Air Gegas,0,0,snpp,medium,1
Mon Apr 19 2021 06:04:31 GMT+0700 (Western Indonesia Time),Kep. Bangka Belitung,Bangka Selatan,Air Gegas,0,0,noaa20,medium,1
Mon Apr 19 2021 06:04:31 GMT+0700 (Western Indonesia Time),Kep. Bangka Belitung,Bangka Selatan,Air Gegas,0,0,noaa20,medium,1
Mon Apr 19 2021 06:57:10 GMT+0700 (Western Indonesia Time),Kep. Bangka Belitung,Bangka Selatan,Simpang Rimba,0,0,snpp,medium,1
Mon Apr 19 2021 06:57:10 GMT+0700 (Western Indonesia Time),Kep. Bangka Belitung,Bangka Selatan,Simpang Rimba,0,0,snpp,medium,1
Mon Apr 19 2021 06:04:31 GMT+0700 (Western Indonesia Time),Kep. Bangka Belitung,Bangka Selatan,Simpang Rimba,0,0,noaa20,medium,1
Mon Apr 19 2021 06:04:31 GMT+0700 (Western Indonesia Time),Kep. Bangka Belitung,Bangka Selatan,Simpang Rimba,0,0,noaa20,medium,1
Tue Apr 20 2021 06:36:00 GMT+0700 (Western Indonesia Time),Kep. Bangka Belitung,Bangka Selatan,Toboali,0,0,aqua,high,1
Tue Apr 20 2021 06:36:00 GMT+0700 (Western Indonesia Time),Kep. Bangka Belitung,Bangka Selatan,Toboali,0,0,aqua,high,1
Tue Apr 20 2021 06:35:26 GMT+0700 (Western Indonesia Time),Kep. Bangka Belitung,Bangka Selatan,Toboali,0,0,snpp,medium,1
Tue Apr 20 2021 06:35:26 GMT+0700 (Western Indonesia Time),Kep. Bangka Belitung,Bangka Selatan,Toboali,0,0,snpp,medium,1
Tue Apr 20 2021 05:44:10 GMT+0700 (Western Indonesia Time),Kep. Bangka Belitung,Bangka Selatan,Toboali,0,0,noaa20,medium,1
Tue Apr 20 2021 05:44:10 GMT+0700 (Western Indonesia Time),Kep. Bangka Belitung,Bangka Selatan,Toboali,0,0,noaa20,medium,1
Tue Apr 20 2021 05:44:10 GMT+0700 (Western Indonesia Time),Kep. Bangka Belitung,Bangka Selatan,Toboali,0,0,noaa20,medium,1
Tue Apr 20 2021 06:35:26 GMT+0700 (Western Indonesia Time),Kep. Bangka Belitung,Bangka Tengah,Koba,0,0,snpp,medium,1
Tue Apr 20 2021 06:35:26 GMT+0700 (Western Indonesia Time),Kep. Bangka Belitung,Bangka Tengah,Koba,0,0,snpp,medium,1
Tue Apr 20 2021 06:35:26 GMT+0700 (Western Indonesia Time),Kep. Bangka Belitung,Bangka Tengah,Pangkalan Baru,0,0,snpp,medium,1
Tue Apr 20 2021 06:35:26 GMT+0700 (Western Indonesia Time),Kep. Bangka Belitung,Bangka Tengah,Pangkalan Baru,0,0,snpp,medium,1
Mon Apr 19 2021 06:57:10 GMT+0700 (Western Indonesia Time),Kep. Bangka Belitung,Belitung,Membalong,0,0,snpp,medium,1
Mon Apr 19 2021 06:57:10 GMT+0700 (Western Indonesia Time),Kep. Bangka Belitung,Belitung,Membalong,0,0,snpp,medium,1
Tue Apr 20 2021 06:35:26 GMT+0700 (Western Indonesia Time),Kep. Bangka Belitung,Belitung,Membalong,0,0,snpp,medium,1
Tue Apr 20 2021 06:35:26 GMT+0700 (Western Indonesia Time),Kep. Bangka Belitung,Belitung,Membalong,0,0,snpp,medium,1
Mon Apr 19 2021 06:04:31 GMT+0700 (Western Indonesia Time),Kep. Bangka Belitung,Belitung,Membalong,0,0,noaa20,medium,1
Mon Apr 19 2021 06:04:31 GMT+0700 (Western Indonesia Time),Kep. Bangka Belitung,Belitung,Membalong,0,0,noaa20,medium,1
Mon Apr 19 2021 06:04:31 GMT+0700 (Western Indonesia Time),Kep. Bangka Belitung,Belitung,Membalong,0,0,noaa20,medium,1
Mon Apr 19 2021 06:04:31 GMT+0700 (Western Indonesia Time),Kep. Bangka Belitung,Belitung,Membalong,0,0,noaa20,medium,1
Tue Apr 20 2021 06:35:26 GMT+0700 (Western Indonesia Time),Kep. Bangka Belitung,Belitung Timur,Gantung,0,0,snpp,medium,1
Tue Apr 20 2021 06:35:26 GMT+0700 (Western Indonesia Time),Kep. Bangka Belitung,Belitung Timur,Gantung,0,0,snpp,medium,1
Tue Apr 20 2021 06:35:26 GMT+0700 (Western Indonesia Time),Kep. Bangka Belitung,Belitung Timur,Gantung,0,0,snpp,medium,1
Tue Apr 20 2021 06:35:26 GMT+0700 (Western Indonesia Time),Kep. Riau,Batam,Bulang,0,0,snpp,medium,1
Tue Apr 20 2021 06:35:26 GMT+0700 (Western Indonesia Time),Kep. Riau,Batam,Bulang,0,0,snpp,medium,1
Tue Apr 20 2021 05:44:10 GMT+0700 (Western Indonesia Time),Kep. Riau,Batam,Galang,0,0,noaa20,medium,1
Tue Apr 20 2021 05:44:10 GMT+0700 (Western Indonesia Time),Kep. Riau,Batam,Galang,0,0,noaa20,medium,1
Tue Apr 20 2021 03:42:00 GMT+0700 (Western Indonesia Time),Kep. Riau,Batam,Sungai Beduk,0,0,terra,medium,1
Tue Apr 20 2021 03:42:00 GMT+0700 (Western Indonesia Time),Kep. Riau,Batam,Sungai Beduk,0,0,terra,medium,1
Sun Apr 18 2021 18:17:35 GMT+0700 (Western Indonesia Time),Lampung,Lampung Timur,Sukadana,0,0,snpp,medium,1
Sun Apr 18 2021 18:17:35 GMT+0700 (Western Indonesia Time),Lampung,Lampung Timur,Sukadana,0,0,snpp,medium,1
Mon Apr 19 2021 06:04:31 GMT+0700 (Western Indonesia Time),Lampung,Tulangbawang,Gedung Meneng,0,0,noaa20,medium,1
Mon Apr 19 2021 06:04:31 GMT+0700 (Western Indonesia Time),Lampung,Tulangbawang,Gedung Meneng,0,0,noaa20,medium,1
Mon Apr 19 2021 06:57:10 GMT+0700 (Western Indonesia Time),Lampung,Way Kanan,Blambangan Umpu,0,0,snpp,medium,1
Mon Apr 19 2021 06:57:10 GMT+0700 (Western Indonesia Time),Lampung,Way Kanan,Blambangan Umpu,0,0,snpp,medium,1
Tue Apr 20 2021 18:30:53 GMT+0700 (Western Indonesia Time),Lampung,Way Kanan,Negara Batin,0,0,noaa20,medium,1
Tue Apr 20 2021 18:30:53 GMT+0700 (Western Indonesia Time),Lampung,Way Kanan,Negara Batin,0,0,noaa20,medium,1
Tue Apr 20 2021 18:30:53 GMT+0700 (Western Indonesia Time),Lampung,Way Kanan,Negara Batin,0,0,noaa20,medium,1
Tue Apr 20 2021 18:30:53 GMT+0700 (Western Indonesia Time),Lampung,Way Kanan,Negara Batin,0,0,noaa20,medium,1
Mon Apr 19 2021 06:04:31 GMT+0700 (Western Indonesia Time),Lampung,Way Kanan,Negeri Besar,0,0,noaa20,medium,1
Mon Apr 19 2021 06:04:31 GMT+0700 (Western Indonesia Time),Lampung,Way Kanan,Negeri Besar,0,0,noaa20,medium,1
Tue Apr 20 2021 18:30:53 GMT+0700 (Western Indonesia Time),Lampung,Way Kanan,Pakuan Ratu,0,0,noaa20,medium,1
Tue Apr 20 2021 18:30:53 GMT+0700 (Western Indonesia Time),Lampung,Way Kanan,Pakuan Ratu,0,0,noaa20,medium,1
Tue Apr 20 2021 04:07:26 GMT+0700 (Western Indonesia Time),Maluku,Kepulauan Aru,Aru Selatan,0,0,noaa20,medium,1
Tue Apr 20 2021 04:07:26 GMT+0700 (Western Indonesia Time),Maluku,Kepulauan Aru,Aru Selatan,0,0,noaa20,medium,1
Tue Apr 20 2021 04:54:26 GMT+0700 (Western Indonesia Time),Maluku,Maluku Tengah,Pulau Haruku,0,0,snpp,medium,1
Tue Apr 20 2021 04:54:26 GMT+0700 (Western Indonesia Time),Maluku,Maluku Tengah,Pulau Haruku,0,0,snpp,medium,1
Tue Apr 20 2021 04:57:00 GMT+0700 (Western Indonesia Time),Maluku,Maluku Tengah,Seram Utara,0,0,aqua,medium,1
Tue Apr 20 2021 04:57:00 GMT+0700 (Western Indonesia Time),Maluku,Maluku Tengah,Seram Utara,0,0,aqua,medium,1
Wed Apr 21 2021 04:35:30 GMT+0700 (Western Indonesia Time),Maluku,Maluku Tengah,Seram Utara,0,0,snpp,low,1
Wed Apr 21 2021 04:35:30 GMT+0700 (Western Indonesia Time),Maluku,Maluku Tengah,Seram Utara,0,0,snpp,low,1
Wed Apr 21 2021 04:35:30 GMT+0700 (Western Indonesia Time),Maluku,Maluku Tengah,Seram Utara,0,0,snpp,low,1
Wed Apr 21 2021 04:35:30 GMT+0700 (Western Indonesia Time),Maluku,Maluku Tengah,Seram Utara,0,0,snpp,low,1
Wed Apr 21 2021 04:35:30 GMT+0700 (Western Indonesia Time),Maluku,Seram Bagian Barat,Huamual,0,0,snpp,medium,1
Wed Apr 21 2021 04:35:30 GMT+0700 (Western Indonesia Time),Maluku,Seram Bagian Barat,Huamual,0,0,snpp,medium,1
Wed Apr 21 2021 04:35:30 GMT+0700 (Western Indonesia Time),Maluku,Seram Bagian Barat,Huamual,0,0,snpp,medium,1
Sun Apr 18 2021 16:35:09 GMT+0700 (Western Indonesia Time),Maluku Utara,Halmahera Selatan,Obi,0,0,snpp,medium,1
Sun Apr 18 2021 16:35:09 GMT+0700 (Western Indonesia Time),Maluku Utara,Halmahera Selatan,Obi,0,0,snpp,medium,1
Sun Apr 18 2021 16:35:09 GMT+0700 (Western Indonesia Time),Maluku Utara,Halmahera Selatan,Obi,0,0,snpp,medium,1
Tue Apr 20 2021 04:54:26 GMT+0700 (Western Indonesia Time),Maluku Utara,Halmahera Selatan,Obi,0,0,snpp,medium,1
Tue Apr 20 2021 04:54:26 GMT+0700 (Western Indonesia Time),Maluku Utara,Halmahera Selatan,Obi,0,0,snpp,medium,1
Tue Apr 20 2021 04:54:26 GMT+0700 (Western Indonesia Time),Maluku Utara,Halmahera Selatan,Obi,0,0,snpp,medium,1
Mon Apr 19 2021 13:39:00 GMT+0700 (Western Indonesia Time),Maluku Utara,Halmahera Selatan,Obi,0,0,terra,medium,1
Mon Apr 19 2021 13:39:00 GMT+0700 (Western Indonesia Time),Maluku Utara,Halmahera Selatan,Obi,0,0,terra,medium,1
Tue Apr 20 2021 04:57:00 GMT+0700 (Western Indonesia Time),Maluku Utara,Halmahera Selatan,Obi,0,0,aqua,medium,1
Tue Apr 20 2021 04:57:00 GMT+0700 (Western Indonesia Time),Maluku Utara,Halmahera Selatan,Obi,0,0,aqua,medium,1
Tue Apr 20 2021 04:57:00 GMT+0700 (Western Indonesia Time),Maluku Utara,Halmahera Selatan,Obi,0,0,aqua,medium,1
Sun Apr 18 2021 17:24:54 GMT+0700 (Western Indonesia Time),Maluku Utara,Halmahera Selatan,Obi,0,0,noaa20,medium,1
Sun Apr 18 2021 17:24:54 GMT+0700 (Western Indonesia Time),Maluku Utara,Halmahera Selatan,Obi,0,0,noaa20,medium,1
Sun Apr 18 2021 17:24:54 GMT+0700 (Western Indonesia Time),Maluku Utara,Halmahera Selatan,Obi,0,0,noaa20,medium,1
Tue Apr 20 2021 16:48:29 GMT+0700 (Western Indonesia Time),Maluku Utara,Halmahera Selatan,Obi,0,0,noaa20,medium,1
Tue Apr 20 2021 16:48:29 GMT+0700 (Western Indonesia Time),Maluku Utara,Halmahera Selatan,Obi,0,0,noaa20,medium,1
Tue Apr 20 2021 16:48:29 GMT+0700 (Western Indonesia Time),Maluku Utara,Halmahera Selatan,Obi,0,0,noaa20,medium,1
Tue Apr 20 2021 16:48:29 GMT+0700 (Western Indonesia Time),Maluku Utara,Halmahera Selatan,Obi,0,0,noaa20,medium,1
Tue Apr 20 2021 16:48:29 GMT+0700 (Western Indonesia Time),Maluku Utara,Halmahera Selatan,Obi,0,0,noaa20,medium,1
Tue Apr 20 2021 17:36:52 GMT+0700 (Western Indonesia Time),Maluku Utara,Halmahera Selatan,Obi,0,0,snpp,medium,1
Tue Apr 20 2021 17:36:52 GMT+0700 (Western Indonesia Time),Maluku Utara,Halmahera Selatan,Obi,0,0,snpp,medium,1
Tue Apr 20 2021 17:22:00 GMT+0700 (Western Indonesia Time),Maluku Utara,Halmahera Selatan,Obi,0,0,aqua,medium,1
Tue Apr 20 2021 17:22:00 GMT+0700 (Western Indonesia Time),Maluku Utara,Halmahera Selatan,Obi,0,0,aqua,medium,1
Wed Apr 21 2021 04:35:30 GMT+0700 (Western Indonesia Time),Maluku Utara,Halmahera Selatan,Obi,0,0,snpp,medium,1
Wed Apr 21 2021 04:35:30 GMT+0700 (Western Indonesia Time),Maluku Utara,Halmahera Selatan,Obi,0,0,snpp,medium,1
Wed Apr 21 2021 04:35:30 GMT+0700 (Western Indonesia Time),Maluku Utara,Halmahera Selatan,Obi,0,0,snpp,medium,1
Tue Apr 20 2021 16:48:29 GMT+0700 (Western Indonesia Time),Maluku Utara,Halmahera Selatan,Pulau Makian,0,0,noaa20,medium,1
Tue Apr 20 2021 16:48:29 GMT+0700 (Western Indonesia Time),Maluku Utara,Halmahera Selatan,Pulau Makian,0,0,noaa20,medium,1
Sun Apr 18 2021 16:35:09 GMT+0700 (Western Indonesia Time),Maluku Utara,Halmahera Tengah,Weda Tengah,0,0,snpp,medium,1
Sun Apr 18 2021 16:35:09 GMT+0700 (Western Indonesia Time),Maluku Utara,Halmahera Tengah,Weda Tengah,0,0,snpp,medium,1
Sun Apr 18 2021 16:35:09 GMT+0700 (Western Indonesia Time),Maluku Utara,Halmahera Tengah,Weda Tengah,0,0,snpp,medium,1
Tue Apr 20 2021 16:48:29 GMT+0700 (Western Indonesia Time),Maluku Utara,Halmahera Tengah,Weda Tengah,0,0,noaa20,medium,1
Tue Apr 20 2021 16:48:29 GMT+0700 (Western Indonesia Time),Maluku Utara,Halmahera Tengah,Weda Tengah,0,0,noaa20,medium,1
Wed Apr 21 2021 04:35:30 GMT+0700 (Western Indonesia Time),Maluku Utara,Halmahera Tengah,Weda Tengah,0,0,snpp,low,1
Wed Apr 21 2021 04:35:30 GMT+0700 (Western Indonesia Time),Maluku Utara,Halmahera Tengah,Weda Tengah,0,0,snpp,low,1
Mon Apr 19 2021 05:11:56 GMT+0700 (Western Indonesia Time),Nusa Tenggara Barat,Bima,Donggo,0,0,snpp,low,1
Mon Apr 19 2021 05:11:56 GMT+0700 (Western Indonesia Time),Nusa Tenggara Barat,Bima,Donggo,0,0,snpp,low,1
Tue Apr 20 2021 05:44:10 GMT+0700 (Western Indonesia Time),Nusa Tenggara Barat,Bima,Wera,0,0,noaa20,medium,1
Tue Apr 20 2021 05:44:10 GMT+0700 (Western Indonesia Time),Nusa Tenggara Barat,Bima,Wera,0,0,noaa20,medium,1
Tue Apr 20 2021 04:54:26 GMT+0700 (Western Indonesia Time),Nusa Tenggara Barat,Lombok Utara,Gangga,0,0,snpp,medium,1
Tue Apr 20 2021 04:54:26 GMT+0700 (Western Indonesia Time),Nusa Tenggara Barat,Lombok Utara,Gangga,0,0,snpp,medium,1
Wed Apr 21 2021 02:44:00 GMT+0700 (Western Indonesia Time),Nusa Tenggara Barat,Sumbawa,Alas,0,0,terra,medium,1
Wed Apr 21 2021 02:44:00 GMT+0700 (Western Indonesia Time),Nusa Tenggara Barat,Sumbawa,Alas,0,0,terra,medium,1
Tue Apr 20 2021 05:44:10 GMT+0700 (Western Indonesia Time),Nusa Tenggara Barat,Sumbawa,Lunyuk,0,0,noaa20,medium,1
Tue Apr 20 2021 05:44:10 GMT+0700 (Western Indonesia Time),Nusa Tenggara Barat,Sumbawa,Lunyuk,0,0,noaa20,medium,1
Mon Apr 19 2021 05:11:56 GMT+0700 (Western Indonesia Time),Nusa Tenggara Barat,Sumbawa,Utan,0,0,snpp,low,1
Mon Apr 19 2021 05:11:56 GMT+0700 (Western Indonesia Time),Nusa Tenggara Barat,Sumbawa,Utan,0,0,snpp,low,1
Mon Apr 19 2021 05:53:00 GMT+0700 (Western Indonesia Time),Nusa Tenggara Barat,Sumbawa Barat,Taliwang,0,0,aqua,medium,1
Mon Apr 19 2021 05:53:00 GMT+0700 (Western Indonesia Time),Nusa Tenggara Barat,Sumbawa Barat,Taliwang,0,0,aqua,medium,1
Wed Apr 21 2021 02:44:00 GMT+0700 (Western Indonesia Time),Nusa Tenggara Barat,Sumbawa Barat,Taliwang,0,0,terra,medium,1
Wed Apr 21 2021 02:44:00 GMT+0700 (Western Indonesia Time),Nusa Tenggara Barat,Sumbawa Barat,Taliwang,0,0,terra,medium,1
Sun Apr 18 2021 16:35:09 GMT+0700 (Western Indonesia Time),Nusa Tenggara Timur,Kupang,Fatuleu Barat,0,0,snpp,medium,1
Sun Apr 18 2021 16:35:09 GMT+0700 (Western Indonesia Time),Nusa Tenggara Timur,Kupang,Fatuleu Barat,0,0,snpp,medium,1
Sun Apr 18 2021 17:24:54 GMT+0700 (Western Indonesia Time),Nusa Tenggara Timur,Kupang,Fatuleu Barat,0,0,noaa20,medium,1
Sun Apr 18 2021 17:24:54 GMT+0700 (Western Indonesia Time),Nusa Tenggara Timur,Kupang,Fatuleu Barat,0,0,noaa20,medium,1
Tue Apr 20 2021 02:04:00 GMT+0700 (Western Indonesia Time),Nusa Tenggara Timur,Manggarai,Langkerembong,0,0,terra,medium,1
Tue Apr 20 2021 02:04:00 GMT+0700 (Western Indonesia Time),Nusa Tenggara Timur,Manggarai,Langkerembong,0,0,terra,medium,1
Tue Apr 20 2021 02:04:00 GMT+0700 (Western Indonesia Time),Nusa Tenggara Timur,Nagekeo,Aesesa,0,0,terra,medium,1
Tue Apr 20 2021 02:04:00 GMT+0700 (Western Indonesia Time),Nusa Tenggara Timur,Nagekeo,Aesesa,0,0,terra,medium,1
Mon Apr 19 2021 06:04:31 GMT+0700 (Western Indonesia Time),Nusa Tenggara Timur,Sumba Tengah,Umbu Ratu Nggay,0,0,noaa20,medium,1
Mon Apr 19 2021 06:04:31 GMT+0700 (Western Indonesia Time),Nusa Tenggara Timur,Sumba Tengah,Umbu Ratu Nggay,0,0,noaa20,medium,1
Tue Apr 20 2021 05:44:10 GMT+0700 (Western Indonesia Time),Nusa Tenggara Timur,Sumba Timur,Lewa,0,0,noaa20,medium,1
Tue Apr 20 2021 05:44:10 GMT+0700 (Western Indonesia Time),Nusa Tenggara Timur,Sumba Timur,Lewa,0,0,noaa20,medium,1
Mon Apr 19 2021 05:11:56 GMT+0700 (Western Indonesia Time),Nusa Tenggara Timur,Sumba Timur,Paberiwai,0,0,snpp,medium,1
Mon Apr 19 2021 05:11:56 GMT+0700 (Western Indonesia Time),Nusa Tenggara Timur,Sumba Timur,Paberiwai,0,0,snpp,medium,1
Mon Apr 19 2021 05:11:56 GMT+0700 (Western Indonesia Time),Nusa Tenggara Timur,Sumba Timur,Paberiwai,0,0,snpp,medium,1
Sun Apr 18 2021 16:35:09 GMT+0700 (Western Indonesia Time),Nusa Tenggara Timur,Sumba Timur,Pahungalodu,0,0,snpp,medium,1
Sun Apr 18 2021 16:35:09 GMT+0700 (Western Indonesia Time),Nusa Tenggara Timur,Sumba Timur,Pahungalodu,0,0,snpp,medium,1
Mon Apr 19 2021 16:17:39 GMT+0700 (Western Indonesia Time),Nusa Tenggara Timur,Sumba Timur,Pahungalodu,0,0,snpp,medium,1
Mon Apr 19 2021 16:17:39 GMT+0700 (Western Indonesia Time),Nusa Tenggara Timur,Sumba Timur,Pahungalodu,0,0,snpp,medium,1
Tue Apr 20 2021 04:54:26 GMT+0700 (Western Indonesia Time),Nusa Tenggara Timur,Sumba Timur,Pahungalodu,0,0,snpp,medium,1
Tue Apr 20 2021 04:54:26 GMT+0700 (Western Indonesia Time),Nusa Tenggara Timur,Sumba Timur,Pahungalodu,0,0,snpp,medium,1
Tue Apr 20 2021 05:44:10 GMT+0700 (Western Indonesia Time),Nusa Tenggara Timur,Sumba Timur,Pahungalodu,0,0,noaa20,medium,1
Tue Apr 20 2021 05:44:10 GMT+0700 (Western Indonesia Time),Nusa Tenggara Timur,Sumba Timur,Pahungalodu,0,0,noaa20,medium,1
Mon Apr 19 2021 17:07:24 GMT+0700 (Western Indonesia Time),Nusa Tenggara Timur,Sumba Timur,Pahungalodu,0,0,noaa20,medium,1
Mon Apr 19 2021 17:07:24 GMT+0700 (Western Indonesia Time),Nusa Tenggara Timur,Sumba Timur,Pahungalodu,0,0,noaa20,medium,1
Sun Apr 18 2021 17:24:54 GMT+0700 (Western Indonesia Time),Nusa Tenggara Timur,Sumba Timur,Pahungalodu,0,0,noaa20,medium,1
Sun Apr 18 2021 17:24:54 GMT+0700 (Western Indonesia Time),Nusa Tenggara Timur,Sumba Timur,Pahungalodu,0,0,noaa20,medium,1
Tue Apr 20 2021 16:48:29 GMT+0700 (Western Indonesia Time),Nusa Tenggara Timur,Sumba Timur,Pahungalodu,0,0,noaa20,medium,1
Tue Apr 20 2021 16:48:29 GMT+0700 (Western Indonesia Time),Nusa Tenggara Timur,Sumba Timur,Pahungalodu,0,0,noaa20,medium,1
Tue Apr 20 2021 17:36:52 GMT+0700 (Western Indonesia Time),Nusa Tenggara Timur,Sumba Timur,Pahungalodu,0,0,snpp,medium,1
Tue Apr 20 2021 17:36:52 GMT+0700 (Western Indonesia Time),Nusa Tenggara Timur,Sumba Timur,Pahungalodu,0,0,snpp,medium,1
Tue Apr 20 2021 17:36:52 GMT+0700 (Western Indonesia Time),Nusa Tenggara Timur,Sumba Timur,Pahungalodu,0,0,snpp,medium,1
Tue Apr 20 2021 17:22:00 GMT+0700 (Western Indonesia Time),Nusa Tenggara Timur,Sumba Timur,Pahungalodu,0,0,aqua,medium,1
Tue Apr 20 2021 17:22:00 GMT+0700 (Western Indonesia Time),Nusa Tenggara Timur,Sumba Timur,Pahungalodu,0,0,aqua,medium,1
Mon Apr 19 2021 04:24:57 GMT+0700 (Western Indonesia Time),Papua,Asmat,Suator,0,0,noaa20,medium,1
Mon Apr 19 2021 04:24:57 GMT+0700 (Western Indonesia Time),Papua,Asmat,Suator,0,0,noaa20,medium,1
Tue Apr 20 2021 04:07:26 GMT+0700 (Western Indonesia Time),Papua,Jayawijaya,Libarek,0,0,noaa20,medium,1
Tue Apr 20 2021 04:07:26 GMT+0700 (Western Indonesia Time),Papua,Jayawijaya,Libarek,0,0,noaa20,medium,1
Tue Apr 20 2021 04:07:26 GMT+0700 (Western Indonesia Time),Papua,Jayawijaya,Napua,0,0,noaa20,medium,1
Tue Apr 20 2021 04:07:26 GMT+0700 (Western Indonesia Time),Papua,Jayawijaya,Napua,0,0,noaa20,medium,1
Wed Apr 21 2021 04:35:30 GMT+0700 (Western Indonesia Time),Papua Barat,Sorong Selatan,Teminabuan,0,0,snpp,medium,1
Wed Apr 21 2021 04:35:30 GMT+0700 (Western Indonesia Time),Papua Barat,Sorong Selatan,Teminabuan,0,0,snpp,medium,1
Tue Apr 20 2021 16:48:29 GMT+0700 (Western Indonesia Time),Papua Barat,Telukbintuni,Bintuni,0,0,noaa20,medium,1
Tue Apr 20 2021 16:48:29 GMT+0700 (Western Indonesia Time),Papua Barat,Telukbintuni,Bintuni,0,0,noaa20,medium,1
Tue Apr 20 2021 06:36:00 GMT+0700 (Western Indonesia Time),Riau,Dumai,Dumai Barat,0,0,aqua,medium,1
Tue Apr 20 2021 06:36:00 GMT+0700 (Western Indonesia Time),Riau,Dumai,Dumai Barat,0,0,aqua,medium,1
Tue Apr 20 2021 18:30:53 GMT+0700 (Western Indonesia Time),Riau,Indragiri Hulu,Rengat,0,0,noaa20,medium,1
Tue Apr 20 2021 18:30:53 GMT+0700 (Western Indonesia Time),Riau,Indragiri Hulu,Rengat,0,0,noaa20,medium,1
Tue Apr 20 2021 18:30:53 GMT+0700 (Western Indonesia Time),Riau,Kampar,Gunung Sahilan,0,0,noaa20,medium,1
Tue Apr 20 2021 18:30:53 GMT+0700 (Western Indonesia Time),Riau,Kampar,Gunung Sahilan,0,0,noaa20,medium,1
Tue Apr 20 2021 06:36:00 GMT+0700 (Western Indonesia Time),Riau,Kampar,Siak Hulu,0,0,aqua,medium,1
Tue Apr 20 2021 06:36:00 GMT+0700 (Western Indonesia Time),Riau,Kampar,Siak Hulu,0,0,aqua,medium,1
Tue Apr 20 2021 06:36:00 GMT+0700 (Western Indonesia Time),Riau,Kampar,Tapung,0,0,aqua,medium,1
Tue Apr 20 2021 06:36:00 GMT+0700 (Western Indonesia Time),Riau,Kampar,Tapung,0,0,aqua,medium,1
Tue Apr 20 2021 05:44:10 GMT+0700 (Western Indonesia Time),Riau,Kepulauan Meranti,Rangsang Barat,0,0,noaa20,medium,1
Tue Apr 20 2021 05:44:10 GMT+0700 (Western Indonesia Time),Riau,Kepulauan Meranti,Rangsang Barat,0,0,noaa20,medium,1
Tue Apr 20 2021 06:36:00 GMT+0700 (Western Indonesia Time),Riau,Kepulauan Meranti,Tebingtinggi Barat,0,0,aqua,low,1
Tue Apr 20 2021 06:36:00 GMT+0700 (Western Indonesia Time),Riau,Kepulauan Meranti,Tebingtinggi Barat,0,0,aqua,low,1
Tue Apr 20 2021 18:30:53 GMT+0700 (Western Indonesia Time),Riau,Kuantan Singingi,Kuatan Mudik,0,0,noaa20,medium,1
Tue Apr 20 2021 18:30:53 GMT+0700 (Western Indonesia Time),Riau,Kuantan Singingi,Kuatan Mudik,0,0,noaa20,medium,1
Tue Apr 20 2021 18:30:53 GMT+0700 (Western Indonesia Time),Riau,Kuantan Singingi,Kuatan Tengah,0,0,noaa20,medium,1
Tue Apr 20 2021 18:30:53 GMT+0700 (Western Indonesia Time),Riau,Kuantan Singingi,Kuatan Tengah,0,0,noaa20,medium,1
Sun Apr 18 2021 18:17:35 GMT+0700 (Western Indonesia Time),Riau,Rokan Hilir,Bagan Sinembah,0,0,snpp,medium,1
Sun Apr 18 2021 18:17:35 GMT+0700 (Western Indonesia Time),Riau,Rokan Hilir,Bagan Sinembah,0,0,snpp,medium,1
Tue Apr 20 2021 18:30:53 GMT+0700 (Western Indonesia Time),Riau,Rokan Hilir,Bagan Sinembah,0,0,noaa20,medium,1
Tue Apr 20 2021 18:30:53 GMT+0700 (Western Indonesia Time),Riau,Rokan Hilir,Bagan Sinembah,0,0,noaa20,medium,1
Tue Apr 20 2021 18:30:53 GMT+0700 (Western Indonesia Time),Riau,Rokan Hilir,Bagan Sinembah,0,0,noaa20,medium,1
Tue Apr 20 2021 18:30:53 GMT+0700 (Western Indonesia Time),Riau,Rokan Hilir,Bagan Sinembah,0,0,noaa20,medium,1
Tue Apr 20 2021 18:30:53 GMT+0700 (Western Indonesia Time),Riau,Rokan Hilir,Bagan Sinembah,0,0,noaa20,medium,1
Tue Apr 20 2021 06:35:26 GMT+0700 (Western Indonesia Time),Riau,Rokan Hilir,Bangko,0,0,snpp,low,1
Tue Apr 20 2021 06:35:26 GMT+0700 (Western Indonesia Time),Riau,Rokan Hilir,Bangko,0,0,snpp,low,1
Tue Apr 20 2021 06:36:00 GMT+0700 (Western Indonesia Time),Riau,Rokan Hulu,Tapungkiri,0,0,aqua,medium,1
Tue Apr 20 2021 06:36:00 GMT+0700 (Western Indonesia Time),Riau,Rokan Hulu,Tapungkiri,0,0,aqua,medium,1
Tue Apr 20 2021 06:36:00 GMT+0700 (Western Indonesia Time),Riau,Rokan Hulu,Tapungkiri,0,0,aqua,medium,1
Tue Apr 20 2021 06:36:00 GMT+0700 (Western Indonesia Time),Riau,Rokan Hulu,Tapungkiri,0,0,aqua,medium,1
Mon Apr 19 2021 03:35:05 GMT+0700 (Western Indonesia Time),Riau,Rokan Hulu,Tembusan,0,0,landsat8,medium,1
Mon Apr 19 2021 03:35:05 GMT+0700 (Western Indonesia Time),Riau,Rokan Hulu,Tembusan,0,0,landsat8,high,1
Mon Apr 19 2021 03:35:05 GMT+0700 (Western Indonesia Time),Riau,Rokan Hulu,Tembusan,0,0,landsat8,low,1
Tue Apr 20 2021 05:44:10 GMT+0700 (Western Indonesia Time),Sulawesi Barat,Mamasa,Buntumalangka,0,0,noaa20,medium,1
Tue Apr 20 2021 05:44:10 GMT+0700 (Western Indonesia Time),Sulawesi Barat,Mamasa,Buntumalangka,0,0,noaa20,medium,1
Mon Apr 19 2021 06:04:31 GMT+0700 (Western Indonesia Time),Sulawesi Barat,Mamasa,Buntumalangka,0,0,noaa20,medium,1
Mon Apr 19 2021 06:04:31 GMT+0700 (Western Indonesia Time),Sulawesi Barat,Mamasa,Buntumalangka,0,0,noaa20,medium,1
Mon Apr 19 2021 06:04:31 GMT+0700 (Western Indonesia Time),Sulawesi Barat,Mamasa,Buntumalangka,0,0,noaa20,medium,1
Mon Apr 19 2021 06:04:31 GMT+0700 (Western Indonesia Time),Sulawesi Barat,Mamasa,Buntumalangka,0,0,noaa20,medium,1
Wed Apr 21 2021 04:35:30 GMT+0700 (Western Indonesia Time),Sulawesi Barat,Mamasa,Pana,0,0,snpp,medium,1
Wed Apr 21 2021 04:35:30 GMT+0700 (Western Indonesia Time),Sulawesi Barat,Mamasa,Pana,0,0,snpp,medium,1
Tue Apr 20 2021 04:54:26 GMT+0700 (Western Indonesia Time),Sulawesi Barat,Mamuju,Bonehau,0,0,snpp,medium,1
Tue Apr 20 2021 04:54:26 GMT+0700 (Western Indonesia Time),Sulawesi Barat,Mamuju,Bonehau,0,0,snpp,medium,1
Tue Apr 20 2021 04:54:26 GMT+0700 (Western Indonesia Time),Sulawesi Barat,Mamuju,Kalumpang,0,0,snpp,medium,1
Tue Apr 20 2021 04:54:26 GMT+0700 (Western Indonesia Time),Sulawesi Barat,Mamuju,Kalumpang,0,0,snpp,medium,1
Tue Apr 20 2021 04:54:26 GMT+0700 (Western Indonesia Time),Sulawesi Barat,Mamuju,Kalumpang,0,0,snpp,medium,1
Tue Apr 20 2021 04:54:26 GMT+0700 (Western Indonesia Time),Sulawesi Barat,Mamuju,Kalumpang,0,0,snpp,medium,1
Tue Apr 20 2021 04:54:26 GMT+0700 (Western Indonesia Time),Sulawesi Barat,Mamuju,Kalumpang,0,0,snpp,medium,1
Tue Apr 20 2021 04:54:26 GMT+0700 (Western Indonesia Time),Sulawesi Barat,Mamuju,Kalumpang,0,0,snpp,medium,1
Tue Apr 20 2021 04:54:26 GMT+0700 (Western Indonesia Time),Sulawesi Barat,Mamuju,Kalumpang,0,0,snpp,medium,1
Tue Apr 20 2021 05:44:10 GMT+0700 (Western Indonesia Time),Sulawesi Barat,Mamuju,Kalumpang,0,0,noaa20,medium,1
Tue Apr 20 2021 05:44:10 GMT+0700 (Western Indonesia Time),Sulawesi Barat,Mamuju,Kalumpang,0,0,noaa20,medium,1
Tue Apr 20 2021 05:44:10 GMT+0700 (Western Indonesia Time),Sulawesi Barat,Mamuju,Kalumpang,0,0,noaa20,medium,1
Tue Apr 20 2021 05:44:10 GMT+0700 (Western Indonesia Time),Sulawesi Barat,Mamuju,Kalumpang,0,0,noaa20,medium,1
Tue Apr 20 2021 05:44:10 GMT+0700 (Western Indonesia Time),Sulawesi Barat,Mamuju,Kalumpang,0,0,noaa20,medium,1
Tue Apr 20 2021 05:44:10 GMT+0700 (Western Indonesia Time),Sulawesi Barat,Mamuju,Kalumpang,0,0,noaa20,medium,1
Tue Apr 20 2021 05:44:10 GMT+0700 (Western Indonesia Time),Sulawesi Barat,Mamuju,Kalumpang,0,0,noaa20,medium,1
Wed Apr 21 2021 04:35:30 GMT+0700 (Western Indonesia Time),Sulawesi Barat,Mamuju,Kalumpang,0,0,snpp,medium,1
Wed Apr 21 2021 04:35:30 GMT+0700 (Western Indonesia Time),Sulawesi Barat,Mamuju,Kalumpang,0,0,snpp,medium,1
Wed Apr 21 2021 04:35:30 GMT+0700 (Western Indonesia Time),Sulawesi Barat,Mamuju,Kalumpang,0,0,snpp,medium,1
Wed Apr 21 2021 04:35:30 GMT+0700 (Western Indonesia Time),Sulawesi Barat,Mamuju,Kalumpang,0,0,snpp,medium,1
Wed Apr 21 2021 04:35:30 GMT+0700 (Western Indonesia Time),Sulawesi Barat,Mamuju,Kalumpang,0,0,snpp,medium,1
Tue Apr 20 2021 16:48:29 GMT+0700 (Western Indonesia Time),Sulawesi Barat,Mamuju Utara,Bambalamotu,0,0,noaa20,medium,1
Tue Apr 20 2021 16:48:29 GMT+0700 (Western Indonesia Time),Sulawesi Barat,Mamuju Utara,Bambalamotu,0,0,noaa20,medium,1
Tue Apr 20 2021 05:44:10 GMT+0700 (Western Indonesia Time),Sulawesi Barat,Mamuju Utara,Dapurang,0,0,noaa20,medium,1
Tue Apr 20 2021 05:44:10 GMT+0700 (Western Indonesia Time),Sulawesi Barat,Mamuju Utara,Dapurang,0,0,noaa20,medium,1
Tue Apr 20 2021 16:48:29 GMT+0700 (Western Indonesia Time),Sulawesi Barat,Mamuju Utara,Sarudu,0,0,noaa20,medium,1
Tue Apr 20 2021 16:48:29 GMT+0700 (Western Indonesia Time),Sulawesi Barat,Mamuju Utara,Sarudu,0,0,noaa20,medium,1
Tue Apr 20 2021 16:48:29 GMT+0700 (Western Indonesia Time),Sulawesi Barat,Mamuju Utara,Sarudu,0,0,noaa20,medium,1
Mon Apr 19 2021 05:11:56 GMT+0700 (Western Indonesia Time),Sulawesi Selatan,Bone,Lamuru,0,0,snpp,medium,1
Mon Apr 19 2021 05:11:56 GMT+0700 (Western Indonesia Time),Sulawesi Selatan,Bone,Lamuru,0,0,snpp,medium,1
Mon Apr 19 2021 05:11:56 GMT+0700 (Western Indonesia Time),Sulawesi Selatan,Bone,Lamuru,0,0,snpp,medium,1
Mon Apr 19 2021 05:11:56 GMT+0700 (Western Indonesia Time),Sulawesi Selatan,Bone,Lamuru,0,0,snpp,medium,1
Mon Apr 19 2021 05:11:56 GMT+0700 (Western Indonesia Time),Sulawesi Selatan,Bone,Lamuru,0,0,snpp,medium,1
Mon Apr 19 2021 05:11:56 GMT+0700 (Western Indonesia Time),Sulawesi Selatan,Bone,Lamuru,0,0,snpp,medium,1
Tue Apr 20 2021 05:44:10 GMT+0700 (Western Indonesia Time),Sulawesi Selatan,Bone,Mare,0,0,noaa20,medium,1
Tue Apr 20 2021 05:44:10 GMT+0700 (Western Indonesia Time),Sulawesi Selatan,Bone,Mare,0,0,noaa20,medium,1
Mon Apr 19 2021 05:53:00 GMT+0700 (Western Indonesia Time),Sulawesi Selatan,Bone,Tellusiattinge,0,0,aqua,medium,1
Mon Apr 19 2021 05:53:00 GMT+0700 (Western Indonesia Time),Sulawesi Selatan,Bone,Tellusiattinge,0,0,aqua,medium,1
Mon Apr 19 2021 05:53:00 GMT+0700 (Western Indonesia Time),Sulawesi Selatan,Bone,Tellusiattinge,0,0,aqua,medium,1
Mon Apr 19 2021 05:11:56 GMT+0700 (Western Indonesia Time),Sulawesi Selatan,Luwu,Basse Sangtempe,0,0,snpp,medium,1
Mon Apr 19 2021 05:11:56 GMT+0700 (Western Indonesia Time),Sulawesi Selatan,Luwu,Basse Sangtempe,0,0,snpp,medium,1
Tue Apr 20 2021 05:44:10 GMT+0700 (Western Indonesia Time),Sulawesi Selatan,Luwu Utara,Baebunta,0,0,noaa20,medium,1
Tue Apr 20 2021 05:44:10 GMT+0700 (Western Indonesia Time),Sulawesi Selatan,Luwu Utara,Baebunta,0,0,noaa20,medium,1
Wed Apr 21 2021 04:35:30 GMT+0700 (Western Indonesia Time),Sulawesi Tengah,Banggai,Lamala,0,0,snpp,medium,1
Wed Apr 21 2021 04:35:30 GMT+0700 (Western Indonesia Time),Sulawesi Tengah,Banggai,Lamala,0,0,snpp,medium,1
Wed Apr 21 2021 04:35:30 GMT+0700 (Western Indonesia Time),Sulawesi Tengah,Banggai Kepulauan,Totikum Selatan,0,0,snpp,medium,1
Wed Apr 21 2021 04:35:30 GMT+0700 (Western Indonesia Time),Sulawesi Tengah,Banggai Kepulauan,Totikum Selatan,0,0,snpp,medium,1
Wed Apr 21 2021 04:35:30 GMT+0700 (Western Indonesia Time),Sulawesi Tengah,Donggala,Banawa,0,0,snpp,medium,1
Wed Apr 21 2021 04:35:30 GMT+0700 (Western Indonesia Time),Sulawesi Tengah,Donggala,Banawa,0,0,snpp,medium,1
Wed Apr 21 2021 04:35:30 GMT+0700 (Western Indonesia Time),Sulawesi Tengah,Donggala,Banawa,0,0,snpp,medium,1
Tue Apr 20 2021 14:20:00 GMT+0700 (Western Indonesia Time),Sulawesi Tengah,Morowali,Bahodopi,0,0,terra,medium,1
Tue Apr 20 2021 14:20:00 GMT+0700 (Western Indonesia Time),Sulawesi Tengah,Morowali,Bahodopi,0,0,terra,medium,1
Tue Apr 20 2021 16:48:29 GMT+0700 (Western Indonesia Time),Sulawesi Tengah,Morowali,Bahodopi,0,0,noaa20,medium,1
Tue Apr 20 2021 16:48:29 GMT+0700 (Western Indonesia Time),Sulawesi Tengah,Morowali,Bahodopi,0,0,noaa20,medium,1
Tue Apr 20 2021 16:48:29 GMT+0700 (Western Indonesia Time),Sulawesi Tengah,Morowali,Bahodopi,0,0,noaa20,medium,1
Tue Apr 20 2021 16:48:29 GMT+0700 (Western Indonesia Time),Sulawesi Tengah,Morowali,Bahodopi,0,0,noaa20,medium,1
Tue Apr 20 2021 16:48:29 GMT+0700 (Western Indonesia Time),Sulawesi Tengah,Morowali,Bahodopi,0,0,noaa20,medium,1
Wed Apr 21 2021 02:44:00 GMT+0700 (Western Indonesia Time),Sulawesi Tengah,Palu,Mantikulore,0,0,terra,high,1
Wed Apr 21 2021 02:44:00 GMT+0700 (Western Indonesia Time),Sulawesi Tengah,Palu,Mantikulore,0,0,terra,high,1
Tue Apr 20 2021 04:54:26 GMT+0700 (Western Indonesia Time),Sulawesi Tengah,Parigimoutong,Bolano,0,0,snpp,medium,1
Tue Apr 20 2021 04:54:26 GMT+0700 (Western Indonesia Time),Sulawesi Tengah,Parigimoutong,Bolano,0,0,snpp,medium,1
Tue Apr 20 2021 04:54:26 GMT+0700 (Western Indonesia Time),Sulawesi Tengah,Parigimoutong,Bolano,0,0,snpp,medium,1
Tue Apr 20 2021 04:54:26 GMT+0700 (Western Indonesia Time),Sulawesi Tengah,Parigimoutong,Bolano,0,0,snpp,medium,1
Wed Apr 21 2021 04:35:30 GMT+0700 (Western Indonesia Time),Sulawesi Tengah,Parigimoutong,Sidoan,0,0,snpp,medium,1
Wed Apr 21 2021 04:35:30 GMT+0700 (Western Indonesia Time),Sulawesi Tengah,Parigimoutong,Sidoan,0,0,snpp,medium,1
Tue Apr 20 2021 05:44:10 GMT+0700 (Western Indonesia Time),Sulawesi Tengah,Parigimoutong,Toribulu,0,0,noaa20,medium,1
Tue Apr 20 2021 05:44:10 GMT+0700 (Western Indonesia Time),Sulawesi Tengah,Parigimoutong,Toribulu,0,0,noaa20,medium,1
Wed Apr 21 2021 04:35:30 GMT+0700 (Western Indonesia Time),Sulawesi Tengah,Poso,Lore Tengah,0,0,snpp,medium,1
Wed Apr 21 2021 04:35:30 GMT+0700 (Western Indonesia Time),Sulawesi Tengah,Poso,Lore Tengah,0,0,snpp,medium,1
Wed Apr 21 2021 04:35:30 GMT+0700 (Western Indonesia Time),Sulawesi Tengah,Sigi,Dolo Selatan,0,0,snpp,medium,1
Wed Apr 21 2021 04:35:30 GMT+0700 (Western Indonesia Time),Sulawesi Tengah,Sigi,Dolo Selatan,0,0,snpp,medium,1
Wed Apr 21 2021 04:35:30 GMT+0700 (Western Indonesia Time),Sulawesi Tengah,Sigi,Dolo Selatan,0,0,snpp,medium,1
Wed Apr 21 2021 04:35:30 GMT+0700 (Western Indonesia Time),Sulawesi Tengah,Sigi,Kulawi,0,0,snpp,medium,1
Wed Apr 21 2021 04:35:30 GMT+0700 (Western Indonesia Time),Sulawesi Tengah,Sigi,Kulawi,0,0,snpp,medium,1
Wed Apr 21 2021 04:35:30 GMT+0700 (Western Indonesia Time),Sulawesi Tengah,Sigi,Kulawi,0,0,snpp,medium,1
Tue Apr 20 2021 04:54:26 GMT+0700 (Western Indonesia Time),Sulawesi Tengah,Tojounauna,Tojo,0,0,snpp,medium,1
Tue Apr 20 2021 04:54:26 GMT+0700 (Western Indonesia Time),Sulawesi Tengah,Tojounauna,Tojo,0,0,snpp,medium,1
Wed Apr 21 2021 04:35:30 GMT+0700 (Western Indonesia Time),Sulawesi Tengah,Tojounauna,Ulubongka,0,0,snpp,medium,1
Wed Apr 21 2021 04:35:30 GMT+0700 (Western Indonesia Time),Sulawesi Tengah,Tojounauna,Ulubongka,0,0,snpp,medium,1
Wed Apr 21 2021 04:35:30 GMT+0700 (Western Indonesia Time),Sulawesi Tengah,Tojounauna,Ulubongka,0,0,snpp,medium,1
Tue Apr 20 2021 02:02:00 GMT+0700 (Western Indonesia Time),Sulawesi Tengah,Tolitoli,Baolan,0,0,terra,medium,1
Tue Apr 20 2021 02:02:00 GMT+0700 (Western Indonesia Time),Sulawesi Tengah,Tolitoli,Baolan,0,0,terra,medium,1
Wed Apr 21 2021 02:44:00 GMT+0700 (Western Indonesia Time),Sulawesi Tengah,Tolitoli,Baolan,0,0,terra,medium,1
Wed Apr 21 2021 02:44:00 GMT+0700 (Western Indonesia Time),Sulawesi Tengah,Tolitoli,Baolan,0,0,terra,medium,1
Mon Apr 19 2021 01:58:52 GMT+0700 (Western Indonesia Time),Sulawesi Tenggara,Buton,Kab. Buton,0,0,landsat8,low,1
Mon Apr 19 2021 01:58:52 GMT+0700 (Western Indonesia Time),Sulawesi Tenggara,Buton,Kab. Buton,0,0,landsat8,low,1
Mon Apr 19 2021 01:58:52 GMT+0700 (Western Indonesia Time),Sulawesi Tenggara,Buton Utara,Kulisusu,0,0,landsat8,low,1
Mon Apr 19 2021 01:58:52 GMT+0700 (Western Indonesia Time),Sulawesi Tenggara,Buton Utara,Kulisusu,0,0,landsat8,low,1
Mon Apr 19 2021 16:17:39 GMT+0700 (Western Indonesia Time),Sulawesi Tenggara,Konawe,Bondoala,0,0,snpp,medium,1
Mon Apr 19 2021 16:17:39 GMT+0700 (Western Indonesia Time),Sulawesi Tenggara,Konawe,Bondoala,0,0,snpp,medium,1
Mon Apr 19 2021 16:17:39 GMT+0700 (Western Indonesia Time),Sulawesi Tenggara,Konawe,Bondoala,0,0,snpp,medium,1
Mon Apr 19 2021 16:17:39 GMT+0700 (Western Indonesia Time),Sulawesi Tenggara,Konawe,Bondoala,0,0,snpp,medium,1
Mon Apr 19 2021 16:17:39 GMT+0700 (Western Indonesia Time),Sulawesi Tenggara,Konawe,Bondoala,0,0,snpp,medium,1
Mon Apr 19 2021 16:17:39 GMT+0700 (Western Indonesia Time),Sulawesi Tenggara,Konawe,Bondoala,0,0,snpp,medium,1
Tue Apr 20 2021 02:04:00 GMT+0700 (Western Indonesia Time),Sulawesi Tenggara,Konawe,Bondoala,0,0,terra,medium,1
Tue Apr 20 2021 02:04:00 GMT+0700 (Western Indonesia Time),Sulawesi Tenggara,Konawe,Bondoala,0,0,terra,medium,1
Mon Apr 19 2021 01:58:52 GMT+0700 (Western Indonesia Time),Sulawesi Tenggara,Konawe,Bondoala,0,0,landsat8,medium,1
Mon Apr 19 2021 01:58:52 GMT+0700 (Western Indonesia Time),Sulawesi Tenggara,Konawe,Bondoala,0,0,landsat8,high,1
Mon Apr 19 2021 01:58:52 GMT+0700 (Western Indonesia Time),Sulawesi Tenggara,Konawe,Bondoala,0,0,landsat8,medium,1
Mon Apr 19 2021 01:58:52 GMT+0700 (Western Indonesia Time),Sulawesi Tenggara,Konawe,Bondoala,0,0,landsat8,medium,1
Mon Apr 19 2021 01:58:52 GMT+0700 (Western Indonesia Time),Sulawesi Tenggara,Konawe,Bondoala,0,0,landsat8,high,1
Mon Apr 19 2021 01:58:52 GMT+0700 (Western Indonesia Time),Sulawesi Tenggara,Konawe,Bondoala,0,0,landsat8,high,1
Mon Apr 19 2021 01:58:52 GMT+0700 (Western Indonesia Time),Sulawesi Tenggara,Konawe,Bondoala,0,0,landsat8,high,1
Mon Apr 19 2021 01:58:52 GMT+0700 (Western Indonesia Time),Sulawesi Tenggara,Konawe,Bondoala,0,0,landsat8,high,1
Mon Apr 19 2021 01:58:52 GMT+0700 (Western Indonesia Time),Sulawesi Tenggara,Konawe,Bondoala,0,0,landsat8,high,1
Mon Apr 19 2021 01:58:52 GMT+0700 (Western Indonesia Time),Sulawesi Tenggara,Konawe,Bondoala,0,0,landsat8,medium,1
Mon Apr 19 2021 01:58:52 GMT+0700 (Western Indonesia Time),Sulawesi Tenggara,Konawe,Bondoala,0,0,landsat8,high,1
Mon Apr 19 2021 01:58:52 GMT+0700 (Western Indonesia Time),Sulawesi Tenggara,Konawe,Bondoala,0,0,landsat8,high,1
Mon Apr 19 2021 01:58:52 GMT+0700 (Western Indonesia Time),Sulawesi Tenggara,Konawe,Bondoala,0,0,landsat8,high,1
Mon Apr 19 2021 01:58:52 GMT+0700 (Western Indonesia Time),Sulawesi Tenggara,Konawe,Bondoala,0,0,landsat8,medium,1
Mon Apr 19 2021 01:58:52 GMT+0700 (Western Indonesia Time),Sulawesi Tenggara,Konawe,Bondoala,0,0,landsat8,high,1
Mon Apr 19 2021 01:58:52 GMT+0700 (Western Indonesia Time),Sulawesi Tenggara,Konawe,Bondoala,0,0,landsat8,medium,1
Mon Apr 19 2021 01:58:52 GMT+0700 (Western Indonesia Time),Sulawesi Tenggara,Konawe,Bondoala,0,0,landsat8,high,1
Mon Apr 19 2021 01:58:52 GMT+0700 (Western Indonesia Time),Sulawesi Tenggara,Konawe,Bondoala,0,0,landsat8,medium,1
Mon Apr 19 2021 01:58:52 GMT+0700 (Western Indonesia Time),Sulawesi Tenggara,Konawe,Bondoala,0,0,landsat8,medium,1
Mon Apr 19 2021 01:58:52 GMT+0700 (Western Indonesia Time),Sulawesi Tenggara,Konawe,Bondoala,0,0,landsat8,medium,1
Mon Apr 19 2021 01:58:52 GMT+0700 (Western Indonesia Time),Sulawesi Tenggara,Konawe,Bondoala,0,0,landsat8,medium,1
Mon Apr 19 2021 01:58:52 GMT+0700 (Western Indonesia Time),Sulawesi Tenggara,Konawe,Bondoala,0,0,landsat8,high,1
Mon Apr 19 2021 01:58:52 GMT+0700 (Western Indonesia Time),Sulawesi Tenggara,Konawe,Bondoala,0,0,landsat8,medium,1
Mon Apr 19 2021 01:58:52 GMT+0700 (Western Indonesia Time),Sulawesi Tenggara,Konawe,Bondoala,0,0,landsat8,high,1
Mon Apr 19 2021 01:58:52 GMT+0700 (Western Indonesia Time),Sulawesi Tenggara,Konawe,Bondoala,0,0,landsat8,high,1
Mon Apr 19 2021 01:58:52 GMT+0700 (Western Indonesia Time),Sulawesi Tenggara,Konawe,Bondoala,0,0,landsat8,high,1
Mon Apr 19 2021 01:58:52 GMT+0700 (Western Indonesia Time),Sulawesi Tenggara,Konawe,Bondoala,0,0,landsat8,high,1
Mon Apr 19 2021 01:58:52 GMT+0700 (Western Indonesia Time),Sulawesi Tenggara,Konawe,Bondoala,0,0,landsat8,medium,1
Mon Apr 19 2021 01:58:52 GMT+0700 (Western Indonesia Time),Sulawesi Tenggara,Konawe,Bondoala,0,0,landsat8,high,1
Mon Apr 19 2021 01:58:52 GMT+0700 (Western Indonesia Time),Sulawesi Tenggara,Konawe,Bondoala,0,0,landsat8,high,1
Mon Apr 19 2021 01:58:52 GMT+0700 (Western Indonesia Time),Sulawesi Tenggara,Konawe,Bondoala,0,0,landsat8,high,1
Mon Apr 19 2021 01:58:52 GMT+0700 (Western Indonesia Time),Sulawesi Tenggara,Konawe,Bondoala,0,0,landsat8,medium,1
Mon Apr 19 2021 01:58:52 GMT+0700 (Western Indonesia Time),Sulawesi Tenggara,Konawe,Bondoala,0,0,landsat8,medium,1
Mon Apr 19 2021 01:58:52 GMT+0700 (Western Indonesia Time),Sulawesi Tenggara,Konawe,Bondoala,0,0,landsat8,high,1
Mon Apr 19 2021 01:58:52 GMT+0700 (Western Indonesia Time),Sulawesi Tenggara,Konawe,Bondoala,0,0,landsat8,high,1
Mon Apr 19 2021 01:58:52 GMT+0700 (Western Indonesia Time),Sulawesi Tenggara,Konawe,Bondoala,0,0,landsat8,medium,1
Mon Apr 19 2021 01:58:52 GMT+0700 (Western Indonesia Time),Sulawesi Tenggara,Konawe,Bondoala,0,0,landsat8,high,1
Mon Apr 19 2021 01:58:52 GMT+0700 (Western Indonesia Time),Sulawesi Tenggara,Konawe,Bondoala,0,0,landsat8,high,1
Mon Apr 19 2021 01:58:52 GMT+0700 (Western Indonesia Time),Sulawesi Tenggara,Konawe,Bondoala,0,0,landsat8,high,1
Mon Apr 19 2021 01:58:52 GMT+0700 (Western Indonesia Time),Sulawesi Tenggara,Konawe,Bondoala,0,0,landsat8,high,1
Mon Apr 19 2021 01:58:52 GMT+0700 (Western Indonesia Time),Sulawesi Tenggara,Konawe,Bondoala,0,0,landsat8,medium,1
Mon Apr 19 2021 01:58:52 GMT+0700 (Western Indonesia Time),Sulawesi Tenggara,Konawe,Bondoala,0,0,landsat8,high,1
Mon Apr 19 2021 01:58:52 GMT+0700 (Western Indonesia Time),Sulawesi Tenggara,Konawe,Bondoala,0,0,landsat8,medium,1
Mon Apr 19 2021 01:58:52 GMT+0700 (Western Indonesia Time),Sulawesi Tenggara,Konawe,Bondoala,0,0,landsat8,high,1
Mon Apr 19 2021 01:58:52 GMT+0700 (Western Indonesia Time),Sulawesi Tenggara,Konawe,Bondoala,0,0,landsat8,low,1
Mon Apr 19 2021 01:58:52 GMT+0700 (Western Indonesia Time),Sulawesi Tenggara,Konawe,Bondoala,0,0,landsat8,high,1
Mon Apr 19 2021 01:58:52 GMT+0700 (Western Indonesia Time),Sulawesi Tenggara,Konawe,Bondoala,0,0,landsat8,high,1
Mon Apr 19 2021 01:58:52 GMT+0700 (Western Indonesia Time),Sulawesi Tenggara,Konawe,Bondoala,0,0,landsat8,high,1
Mon Apr 19 2021 01:58:52 GMT+0700 (Western Indonesia Time),Sulawesi Tenggara,Konawe,Bondoala,0,0,landsat8,high,1
Mon Apr 19 2021 01:58:52 GMT+0700 (Western Indonesia Time),Sulawesi Tenggara,Konawe,Bondoala,0,0,landsat8,high,1
Mon Apr 19 2021 01:58:52 GMT+0700 (Western Indonesia Time),Sulawesi Tenggara,Konawe,Bondoala,0,0,landsat8,medium,1
Mon Apr 19 2021 01:58:52 GMT+0700 (Western Indonesia Time),Sulawesi Tenggara,Konawe,Bondoala,0,0,landsat8,high,1
Mon Apr 19 2021 01:58:52 GMT+0700 (Western Indonesia Time),Sulawesi Tenggara,Konawe,Bondoala,0,0,landsat8,high,1
Mon Apr 19 2021 01:58:52 GMT+0700 (Western Indonesia Time),Sulawesi Tenggara,Konawe,Bondoala,0,0,landsat8,high,1
Mon Apr 19 2021 01:58:52 GMT+0700 (Western Indonesia Time),Sulawesi Tenggara,Konawe,Bondoala,0,0,landsat8,high,1
Tue Apr 20 2021 02:02:00 GMT+0700 (Western Indonesia Time),Sulawesi Utara,Manado,Mapanget,0,0,terra,medium,1
Tue Apr 20 2021 02:02:00 GMT+0700 (Western Indonesia Time),Sulawesi Utara,Manado,Mapanget,0,0,terra,medium,1
Tue Apr 20 2021 04:57:00 GMT+0700 (Western Indonesia Time),Sulawesi Utara,Minahasa,Tondano Barat,0,0,aqua,medium,1
Tue Apr 20 2021 04:57:00 GMT+0700 (Western Indonesia Time),Sulawesi Utara,Minahasa,Tondano Barat,0,0,aqua,medium,1
Tue Apr 20 2021 04:57:00 GMT+0700 (Western Indonesia Time),Sulawesi Utara,Minahasa Selatan,Amurang,0,0,aqua,medium,1
Tue Apr 20 2021 04:57:00 GMT+0700 (Western Indonesia Time),Sulawesi Utara,Minahasa Selatan,Amurang,0,0,aqua,medium,1
Tue Apr 20 2021 06:35:26 GMT+0700 (Western Indonesia Time),Sumatera Barat,Agam,Tanjung Mutiara,0,0,snpp,medium,1
Tue Apr 20 2021 06:35:26 GMT+0700 (Western Indonesia Time),Sumatera Barat,Agam,Tanjung Mutiara,0,0,snpp,medium,1
Tue Apr 20 2021 06:35:26 GMT+0700 (Western Indonesia Time),Sumatera Barat,Kepulauan Mentawai,Siberut Barat,0,0,snpp,medium,1
Tue Apr 20 2021 06:35:26 GMT+0700 (Western Indonesia Time),Sumatera Barat,Kepulauan Mentawai,Siberut Barat,0,0,snpp,medium,1
Mon Apr 19 2021 03:35:05 GMT+0700 (Western Indonesia Time),Sumatera Barat,Kepulauan Mentawai,Siberut Barat,0,0,landsat8,high,1
Mon Apr 19 2021 03:35:05 GMT+0700 (Western Indonesia Time),Sumatera Barat,Kepulauan Mentawai,Siberut Barat,0,0,landsat8,high,1
Tue Apr 20 2021 06:35:26 GMT+0700 (Western Indonesia Time),Sumatera Barat,Pesisir Selatan,Pancung Soal,0,0,snpp,medium,1
Tue Apr 20 2021 06:35:26 GMT+0700 (Western Indonesia Time),Sumatera Barat,Pesisir Selatan,Pancung Soal,0,0,snpp,medium,1
Tue Apr 20 2021 18:30:53 GMT+0700 (Western Indonesia Time),Sumatera Barat,Pesisir Selatan,Pancung Soal,0,0,noaa20,medium,1
Tue Apr 20 2021 18:30:53 GMT+0700 (Western Indonesia Time),Sumatera Barat,Pesisir Selatan,Pancung Soal,0,0,noaa20,medium,1
Mon Apr 19 2021 06:04:31 GMT+0700 (Western Indonesia Time),Sumatera Selatan,Banyuasin,Banyuasin I,0,0,noaa20,medium,1
Mon Apr 19 2021 06:04:31 GMT+0700 (Western Indonesia Time),Sumatera Selatan,Banyuasin,Banyuasin I,0,0,noaa20,medium,1
Mon Apr 19 2021 17:55:48 GMT+0700 (Western Indonesia Time),Sumatera Selatan,Banyuasin,Pulau Rimau,0,0,snpp,medium,1
Mon Apr 19 2021 17:55:48 GMT+0700 (Western Indonesia Time),Sumatera Selatan,Banyuasin,Pulau Rimau,0,0,snpp,medium,1
Mon Apr 19 2021 06:04:31 GMT+0700 (Western Indonesia Time),Sumatera Selatan,Lahat,Merapi,0,0,noaa20,medium,1
Mon Apr 19 2021 06:04:31 GMT+0700 (Western Indonesia Time),Sumatera Selatan,Lahat,Merapi,0,0,noaa20,medium,1
Tue Apr 20 2021 17:36:52 GMT+0700 (Western Indonesia Time),Sumatera Selatan,Lahat,Merapi,0,0,snpp,medium,1
Tue Apr 20 2021 17:36:52 GMT+0700 (Western Indonesia Time),Sumatera Selatan,Lahat,Merapi,0,0,snpp,medium,1
Mon Apr 19 2021 06:04:31 GMT+0700 (Western Indonesia Time),Sumatera Selatan,Lubuk Linggau,Lubuklinggau Selatan,0,0,noaa20,medium,1
Mon Apr 19 2021 06:04:31 GMT+0700 (Western Indonesia Time),Sumatera Selatan,Lubuk Linggau,Lubuklinggau Selatan,0,0,noaa20,medium,1
Tue Apr 20 2021 18:30:53 GMT+0700 (Western Indonesia Time),Sumatera Selatan,Muara Enim,Rambang Dangku,0,0,noaa20,medium,1
Tue Apr 20 2021 18:30:53 GMT+0700 (Western Indonesia Time),Sumatera Selatan,Muara Enim,Rambang Dangku,0,0,noaa20,medium,1
Mon Apr 19 2021 17:55:48 GMT+0700 (Western Indonesia Time),Sumatera Selatan,Ogan Ilir,Muarakuang,0,0,snpp,medium,1
Mon Apr 19 2021 17:55:48 GMT+0700 (Western Indonesia Time),Sumatera Selatan,Ogan Ilir,Muarakuang,0,0,snpp,medium,1
Sun Apr 18 2021 18:17:35 GMT+0700 (Western Indonesia Time),Sumatera Selatan,Ogan Komering Ilir,Pampangan,0,0,snpp,medium,1
Sun Apr 18 2021 18:17:35 GMT+0700 (Western Indonesia Time),Sumatera Selatan,Ogan Komering Ilir,Pampangan,0,0,snpp,medium,1
Tue Apr 20 2021 17:36:52 GMT+0700 (Western Indonesia Time),Sumatera Selatan,Ogan Komering Ilir,Pampangan,0,0,snpp,medium,1
Tue Apr 20 2021 17:36:52 GMT+0700 (Western Indonesia Time),Sumatera Selatan,Ogan Komering Ilir,Pampangan,0,0,snpp,medium,1
Mon Apr 19 2021 02:57:00 GMT+0700 (Western Indonesia Time),Sumatera Selatan,Ogan Komering Ilir,Tulung Selapan,0,0,terra,medium,1
Mon Apr 19 2021 02:57:00 GMT+0700 (Western Indonesia Time),Sumatera Selatan,Ogan Komering Ilir,Tulung Selapan,0,0,terra,medium,1
Tue Apr 20 2021 03:40:00 GMT+0700 (Western Indonesia Time),Sumatera Selatan,Ogan Komering Ilir,Tulung Selapan,0,0,terra,medium,1
Tue Apr 20 2021 03:40:00 GMT+0700 (Western Indonesia Time),Sumatera Selatan,Ogan Komering Ilir,Tulung Selapan,0,0,terra,medium,1
Mon Apr 19 2021 17:55:48 GMT+0700 (Western Indonesia Time),Sumatera Selatan,Penukal Abab Lematang Ilir,Talang Ubi,0,0,snpp,medium,1
Mon Apr 19 2021 17:55:48 GMT+0700 (Western Indonesia Time),Sumatera Selatan,Penukal Abab Lematang Ilir,Talang Ubi,0,0,snpp,medium,1
Mon Apr 19 2021 17:55:48 GMT+0700 (Western Indonesia Time),Sumatera Selatan,Penukal Abab Lematang Ilir,Talang Ubi,0,0,snpp,medium,1
Mon Apr 19 2021 17:55:48 GMT+0700 (Western Indonesia Time),Sumatera Selatan,Penukal Abab Lematang Ilir,Talang Ubi,0,0,snpp,medium,1
Mon Apr 19 2021 18:52:40 GMT+0700 (Western Indonesia Time),Sumatera Selatan,Penukal Abab Lematang Ilir,Talang Ubi,0,0,noaa20,medium,1
Mon Apr 19 2021 18:52:40 GMT+0700 (Western Indonesia Time),Sumatera Selatan,Penukal Abab Lematang Ilir,Talang Ubi,0,0,noaa20,medium,1
Mon Apr 19 2021 18:52:40 GMT+0700 (Western Indonesia Time),Sumatera Selatan,Penukal Abab Lematang Ilir,Talang Ubi,0,0,noaa20,medium,1
Tue Apr 20 2021 18:30:53 GMT+0700 (Western Indonesia Time),Sumatera Selatan,Penukal Abab Lematang Ilir,Talang Ubi,0,0,noaa20,medium,1
Tue Apr 20 2021 18:30:53 GMT+0700 (Western Indonesia Time),Sumatera Selatan,Penukal Abab Lematang Ilir,Talang Ubi,0,0,noaa20,medium,1
Tue Apr 20 2021 05:44:10 GMT+0700 (Western Indonesia Time),Sumatera Utara,Binjai,Binjai Kota,0,0,noaa20,medium,1
Tue Apr 20 2021 05:44:10 GMT+0700 (Western Indonesia Time),Sumatera Utara,Binjai,Binjai Kota,0,0,noaa20,medium,1
Tue Apr 20 2021 05:44:10 GMT+0700 (Western Indonesia Time),Sumatera Utara,Binjai,Binjai Kota,0,0,noaa20,medium,1
Tue Apr 20 2021 03:40:00 GMT+0700 (Western Indonesia Time),Sumatera Utara,Labuhan Batu Selatan,Kampung Rakyat,0,0,terra,medium,1
Tue Apr 20 2021 03:40:00 GMT+0700 (Western Indonesia Time),Sumatera Utara,Labuhan Batu Selatan,Kampung Rakyat,0,0,terra,medium,1
Mon Apr 19 2021 03:35:05 GMT+0700 (Western Indonesia Time),Sumatera Utara,Labuhan Batu Selatan,Kampung Rakyat,0,0,landsat8,low,1
Mon Apr 19 2021 03:35:05 GMT+0700 (Western Indonesia Time),Sumatera Utara,Labuhan Batu Selatan,Kampung Rakyat,0,0,landsat8,low,1
Mon Apr 19 2021 03:35:05 GMT+0700 (Western Indonesia Time),Sumatera Utara,Labuhan Batu Selatan,Kampung Rakyat,0,0,landsat8,low,1
Tue Apr 20 2021 06:36:00 GMT+0700 (Western Indonesia Time),Sumatera Utara,Labuhan Batu Selatan,Kota Pinang,0,0,aqua,medium,1
Tue Apr 20 2021 06:36:00 GMT+0700 (Western Indonesia Time),Sumatera Utara,Labuhan Batu Selatan,Kota Pinang,0,0,aqua,medium,1
Mon Apr 19 2021 03:35:05 GMT+0700 (Western Indonesia Time),Sumatera Utara,Labuhanbatu,Bilah Hulu,0,0,landsat8,high,1
Mon Apr 19 2021 03:35:05 GMT+0700 (Western Indonesia Time),Sumatera Utara,Labuhanbatu,Bilah Hulu,0,0,landsat8,high,1
Mon Apr 19 2021 03:35:05 GMT+0700 (Western Indonesia Time),Sumatera Utara,Labuhanbatu,Bilah Hulu,0,0,landsat8,high,1
Tue Apr 20 2021 06:36:00 GMT+0700 (Western Indonesia Time),Sumatera Utara,Labuhanbatu,Panei Tengah,0,0,aqua,medium,1
Tue Apr 20 2021 06:36:00 GMT+0700 (Western Indonesia Time),Sumatera Utara,Labuhanbatu,Panei Tengah,0,0,aqua,medium,1
Tue Apr 20 2021 06:35:26 GMT+0700 (Western Indonesia Time),Sumatera Utara,Labuhanbatu,Panei Tengah,0,0,snpp,medium,1
Tue Apr 20 2021 06:35:26 GMT+0700 (Western Indonesia Time),Sumatera Utara,Labuhanbatu,Panei Tengah,0,0,snpp,medium,1
Tue Apr 20 2021 06:35:26 GMT+0700 (Western Indonesia Time),Sumatera Utara,Labuhanbatu,Panei Tengah,0,0,snpp,medium,1
Mon Apr 19 2021 03:35:05 GMT+0700 (Western Indonesia Time),Sumatera Utara,Labuhanbatu Utara,Kwaluh Hilir,0,0,landsat8,low,1
Mon Apr 19 2021 03:35:05 GMT+0700 (Western Indonesia Time),Sumatera Utara,Labuhanbatu Utara,Kwaluh Hilir,0,0,landsat8,low,1
Mon Apr 19 2021 03:35:05 GMT+0700 (Western Indonesia Time),Sumatera Utara,Labuhanbatu Utara,Kwaluh Hilir,0,0,landsat8,low,1
Mon Apr 19 2021 03:35:05 GMT+0700 (Western Indonesia Time),Sumatera Utara,Labuhanbatu Utara,Kwaluh Hulu,0,0,landsat8,high,1
Mon Apr 19 2021 03:35:05 GMT+0700 (Western Indonesia Time),Sumatera Utara,Labuhanbatu Utara,Kwaluh Hulu,0,0,landsat8,high,1
Mon Apr 19 2021 03:35:05 GMT+0700 (Western Indonesia Time),Sumatera Utara,Labuhanbatu Utara,Kwaluh Hulu,0,0,landsat8,high,1
Mon Apr 19 2021 17:55:48 GMT+0700 (Western Indonesia Time),Sumatera Utara,Padang Lawas Utara,Padang Bolak,0,0,snpp,medium,1
Mon Apr 19 2021 17:55:48 GMT+0700 (Western Indonesia Time),Sumatera Utara,Padang Lawas Utara,Padang Bolak,0,0,snpp,medium,1
Mon Apr 19 2021 03:35:05 GMT+0700 (Western Indonesia Time),Sumatera Utara,Serdang Bedagai,Sipispis,0,0,landsat8,high,1
Mon Apr 19 2021 03:35:05 GMT+0700 (Western Indonesia Time),Sumatera Utara,Serdang Bedagai,Sipispis,0,0,landsat8,high,1
Mon Apr 19 2021 03:35:05 GMT+0700 (Western Indonesia Time),Sumatera Utara,Serdang Bedagai,Tebing Syahbandar,0,0,landsat8,high,1
Mon Apr 19 2021 03:35:05 GMT+0700 (Western Indonesia Time),Sumatera Utara,Serdang Bedagai,Tebing Syahbandar,0,0,landsat8,high,1
Mon Apr 19 2021 03:35:05 GMT+0700 (Western Indonesia Time),Sumatera Utara,Serdang Bedagai,Tebing Syahbandar,0,0,landsat8,high,1
Mon Apr 19 2021 03:35:05 GMT+0700 (Western Indonesia Time),Sumatera Utara,Serdang Bedagai,Tebing Syahbandar,0,0,landsat8,high,1
Mon Apr 19 2021 03:35:05 GMT+0700 (Western Indonesia Time),Sumatera Utara,Serdang Bedagai,Tebing Syahbandar,0,0,landsat8,high,1
Mon Apr 19 2021 03:35:05 GMT+0700 (Western Indonesia Time),Sumatera Utara,Serdang Bedagai,Tebing Syahbandar,0,0,landsat8,high,1
Tue Apr 20 2021 06:36:00 GMT+0700 (Western Indonesia Time),Sumatera Utara,Sibolga,Sibolga,0,0,aqua,medium,1
Tue Apr 20 2021 06:36:00 GMT+0700 (Western Indonesia Time),Sumatera Utara,Sibolga,Sibolga,0,0,aqua,medium,1
